Entity1,Relation,Entity2,Confidence
http://www.wikidata.org/entity/Q652281,<http://www.wikidata.org/prop/direct/P26>,http://www.wikidata.org/entity/Q19873507,0.5259458891821719
http://www.wikidata.org/entity/Q134549,<http://www.wikidata.org/prop/direct/P26>,http://www.wikidata.org/entity/Q29572894,0.5251460460674174
http://www.wikidata.org/entity/Q102711,<http://www.wikidata.org/prop/direct/P26>,http://www.wikidata.org/entity/Q6962879,0.5244620991942781
http://www.wikidata.org/entity/Q337626,<http://www.wikidata.org/prop/direct/P26>,http://www.wikidata.org/entity/Q1808028,0.5230983706956697
http://www.wikidata.org/entity/Q535910,<http://www.wikidata.org/prop/direct/P26>,http://www.wikidata.org/entity/Q7647623,0.5229683642991941
http://www.wikidata.org/entity/Q180589,<http://www.wikidata.org/prop/direct/P26>,http://www.wikidata.org/entity/Q714884,0.5215660443720159
http://www.wikidata.org/entity/Q5593,<http://www.wikidata.org/prop/direct/P26>,http://www.wikidata.org/entity/Q5403246,0.5200147016026542
http://www.wikidata.org/entity/Q5593,<http://www.wikidata.org/prop/direct/P26>,http://www.wikidata.org/entity/Q5052545,0.5196137569321977
http://www.wikidata.org/entity/Q57665,<http://www.wikidata.org/prop/direct/P26>,http://www.wikidata.org/entity/Q12900213,0.5185664037553896
http://www.wikidata.org/entity/Q5593,<http://www.wikidata.org/prop/direct/P26>,http://www.wikidata.org/entity/Q27943431,0.5182950430913695
http://www.wikidata.org/entity/Q3815096,<http://www.wikidata.org/prop/direct/P26>,http://www.wikidata.org/entity/Q465772,0.5179392503291785
http://www.wikidata.org/entity/Q3175309,<http://www.wikidata.org/prop/direct/P26>,http://www.wikidata.org/entity/Q5403246,0.5177838235012444
http://www.wikidata.org/entity/Q5593,<http://www.wikidata.org/prop/direct/P26>,http://www.wikidata.org/entity/Q16022573,0.5176348487842759
http://www.wikidata.org/entity/Q10819,<http://www.wikidata.org/prop/direct/P26>,http://www.wikidata.org/entity/Q12324638,0.5171709356150407
http://www.wikidata.org/entity/Q25973,<http://www.wikidata.org/prop/direct/P26>,http://www.wikidata.org/entity/Q12324638,0.5170921419568449
http://www.wikidata.org/entity/Q2958465,<http://www.wikidata.org/prop/direct/P26>,http://www.wikidata.org/entity/Q461429,0.5170698341165801
http://www.wikidata.org/entity/Q2842375,<http://www.wikidata.org/prop/direct/P26>,http://www.wikidata.org/entity/Q714884,0.516927669633368
http://www.wikidata.org/entity/Q231292,<http://www.wikidata.org/prop/direct/P26>,http://www.wikidata.org/entity/Q55739320,0.516770073448809
http://www.wikidata.org/entity/Q106942,<http://www.wikidata.org/prop/direct/P26>,http://www.wikidata.org/entity/Q9287447,0.5166198810701074
http://www.wikidata.org/entity/Q47387410,<http://www.wikidata.org/prop/direct/P26>,http://www.wikidata.org/entity/Q4647471,0.5162587280842775
http://www.wikidata.org/entity/Q9292296,<http://www.wikidata.org/prop/direct/P26>,http://www.wikidata.org/entity/Q154842,0.5160975605440687
http://www.wikidata.org/entity/Q134549,<http://www.wikidata.org/prop/direct/P26>,http://www.wikidata.org/entity/Q17363779,0.5160024957594753
http://www.wikidata.org/entity/Q106808,<http://www.wikidata.org/prop/direct/P26>,http://www.wikidata.org/entity/Q547550,0.515808719285801
http://www.wikidata.org/entity/Q937,<http://www.wikidata.org/prop/direct/P26>,http://www.wikidata.org/entity/Q42041913,0.5157725434609308
http://www.wikidata.org/entity/Q152094,<http://www.wikidata.org/prop/direct/P26>,http://www.wikidata.org/entity/Q6376211,0.5157311368997108
http://www.wikidata.org/entity/Q535910,<http://www.wikidata.org/prop/direct/P26>,http://www.wikidata.org/entity/Q7244552,0.5156995817869102
http://www.wikidata.org/entity/Q535910,<http://www.wikidata.org/prop/direct/P26>,http://www.wikidata.org/entity/Q7244552,0.5156995817869102
http://www.wikidata.org/entity/Q287525,<http://www.wikidata.org/prop/direct/P26>,http://www.wikidata.org/entity/Q7647623,0.5149050278782751
http://www.wikidata.org/entity/Q7786818,<http://www.wikidata.org/prop/direct/P26>,http://www.wikidata.org/entity/Q57079355,0.5149039117348061
http://www.wikidata.org/entity/Q470732,<http://www.wikidata.org/prop/direct/P26>,http://www.wikidata.org/entity/Q29167061,0.5146023265718782
http://www.wikidata.org/entity/Q6242277,<http://www.wikidata.org/prop/direct/P26>,http://www.wikidata.org/entity/Q28530644,0.5145491582924815
http://www.wikidata.org/entity/Q275085,<http://www.wikidata.org/prop/direct/P26>,http://www.wikidata.org/entity/Q17363779,0.5145483790967336
http://www.wikidata.org/entity/Q1239291,<http://www.wikidata.org/prop/direct/P26>,http://www.wikidata.org/entity/Q431115,0.5142028375328891
http://www.wikidata.org/entity/Q8004211,<http://www.wikidata.org/prop/direct/P26>,http://www.wikidata.org/entity/Q4647471,0.5141178743766964
http://www.wikidata.org/entity/Q332632,<http://www.wikidata.org/prop/direct/P26>,http://www.wikidata.org/entity/Q7367232,0.514002954696842
http://www.wikidata.org/entity/Q25973,<http://www.wikidata.org/prop/direct/P26>,http://www.wikidata.org/entity/Q42041913,0.5137808278436355
http://www.wikidata.org/entity/Q333250,<http://www.wikidata.org/prop/direct/P26>,http://www.wikidata.org/entity/Q531983,0.5137331542704385
http://www.wikidata.org/entity/Q332897,<http://www.wikidata.org/prop/direct/P26>,http://www.wikidata.org/entity/Q7367232,0.5136072529684281
http://www.wikidata.org/entity/Q287525,<http://www.wikidata.org/prop/direct/P26>,http://www.wikidata.org/entity/Q6698188,0.5135324497629945
http://www.wikidata.org/entity/Q153522,<http://www.wikidata.org/prop/direct/P26>,http://www.wikidata.org/entity/Q461429,0.513288860583146
http://www.wikidata.org/entity/Q332632,<http://www.wikidata.org/prop/direct/P26>,http://www.wikidata.org/entity/Q6158103,0.5132742821043359
http://www.wikidata.org/entity/Q332360,<http://www.wikidata.org/prop/direct/P26>,http://www.wikidata.org/entity/Q12324638,0.5132666734656944
http://www.wikidata.org/entity/Q5671733,<http://www.wikidata.org/prop/direct/P26>,http://www.wikidata.org/entity/Q441424,0.5132638530899312
http://www.wikidata.org/entity/Q287525,<http://www.wikidata.org/prop/direct/P26>,http://www.wikidata.org/entity/Q5403246,0.5132448538318798
http://www.wikidata.org/entity/Q937,<http://www.wikidata.org/prop/direct/P26>,http://www.wikidata.org/entity/Q4725932,0.5127721049489105
http://www.wikidata.org/entity/Q764398,<http://www.wikidata.org/prop/direct/P26>,http://www.wikidata.org/entity/Q47486968,0.5126635506896347
http://www.wikidata.org/entity/Q134549,<http://www.wikidata.org/prop/direct/P26>,http://www.wikidata.org/entity/Q21296956,0.5124529162887363
http://www.wikidata.org/entity/Q167654,<http://www.wikidata.org/prop/direct/P26>,http://www.wikidata.org/entity/Q7367232,0.5124340909669463
http://www.wikidata.org/entity/Q3720174,<http://www.wikidata.org/prop/direct/P26>,http://www.wikidata.org/entity/Q18690639,0.5123040786062618
http://www.wikidata.org/entity/Q160202,<http://www.wikidata.org/prop/direct/P26>,http://www.wikidata.org/entity/Q464994,0.5123003623554144
http://www.wikidata.org/entity/Q1239291,<http://www.wikidata.org/prop/direct/P26>,http://www.wikidata.org/entity/Q465426,0.51215372809079
http://www.wikidata.org/entity/Q5653897,<http://www.wikidata.org/prop/direct/P26>,http://www.wikidata.org/entity/Q573546,0.5121073317428081
http://www.wikidata.org/entity/Q333004,<http://www.wikidata.org/prop/direct/P26>,http://www.wikidata.org/entity/Q714884,0.512083834755726
http://www.wikidata.org/entity/Q29179,<http://www.wikidata.org/prop/direct/P26>,http://www.wikidata.org/entity/Q153120,0.511913552067378
http://www.wikidata.org/entity/Q336050,<http://www.wikidata.org/prop/direct/P26>,http://www.wikidata.org/entity/Q4725932,0.5118873268046927
http://www.wikidata.org/entity/Q25310,<http://www.wikidata.org/prop/direct/P26>,http://www.wikidata.org/entity/Q5052545,0.5117920028366819
http://www.wikidata.org/entity/Q110404,<http://www.wikidata.org/prop/direct/P26>,http://www.wikidata.org/entity/Q3051212,0.5116426545122897
http://www.wikidata.org/entity/Q456873,<http://www.wikidata.org/prop/direct/P26>,http://www.wikidata.org/entity/Q547550,0.5116296018255306
http://www.wikidata.org/entity/Q3815096,<http://www.wikidata.org/prop/direct/P26>,http://www.wikidata.org/entity/Q79966801,0.5115257062653983
http://www.wikidata.org/entity/Q56158,<http://www.wikidata.org/prop/direct/P26>,http://www.wikidata.org/entity/Q9287447,0.5113396525609472
http://www.wikidata.org/entity/Q535910,<http://www.wikidata.org/prop/direct/P26>,http://www.wikidata.org/entity/Q28530644,0.511192233882179
http://www.wikidata.org/entity/Q337525,<http://www.wikidata.org/prop/direct/P26>,http://www.wikidata.org/entity/Q234266,0.5111736988672971
http://www.wikidata.org/entity/Q9545,<http://www.wikidata.org/prop/direct/P26>,http://www.wikidata.org/entity/Q42041913,0.5110994976099543
http://www.wikidata.org/entity/Q5343190,<http://www.wikidata.org/prop/direct/P26>,http://www.wikidata.org/entity/Q714884,0.5110690730168841
http://www.wikidata.org/entity/Q8016372,<http://www.wikidata.org/prop/direct/P26>,http://www.wikidata.org/entity/Q237590,0.511055844769848
http://www.wikidata.org/entity/Q5593,<http://www.wikidata.org/prop/direct/P26>,http://www.wikidata.org/entity/Q55739320,0.5109778407541516
http://www.wikidata.org/entity/Q233806,<http://www.wikidata.org/prop/direct/P26>,http://www.wikidata.org/entity/Q16773606,0.5109551288735215
http://www.wikidata.org/entity/Q3395941,<http://www.wikidata.org/prop/direct/P26>,http://www.wikidata.org/entity/Q4725932,0.5108234275672734
http://www.wikidata.org/entity/Q215588,<http://www.wikidata.org/prop/direct/P26>,http://www.wikidata.org/entity/Q79966801,0.5108190851777318
http://www.wikidata.org/entity/Q310121,<http://www.wikidata.org/prop/direct/P26>,http://www.wikidata.org/entity/Q12324638,0.5108170802471669
http://www.wikidata.org/entity/Q420845,<http://www.wikidata.org/prop/direct/P26>,http://www.wikidata.org/entity/Q7244552,0.5105312832934826
http://www.wikidata.org/entity/Q97610,<http://www.wikidata.org/prop/direct/P26>,http://www.wikidata.org/entity/Q12324638,0.5103125059975142
http://www.wikidata.org/entity/Q128343,<http://www.wikidata.org/prop/direct/P26>,http://www.wikidata.org/entity/Q20185706,0.5102554869819067
http://www.wikidata.org/entity/Q128672,<http://www.wikidata.org/prop/direct/P26>,http://www.wikidata.org/entity/Q9287447,0.51006713745011
http://www.wikidata.org/entity/Q167573,<http://www.wikidata.org/prop/direct/P26>,http://www.wikidata.org/entity/Q5052545,0.5099903834056447
http://www.wikidata.org/entity/Q338114,<http://www.wikidata.org/prop/direct/P26>,http://www.wikidata.org/entity/Q6158103,0.5099225557165945
http://www.wikidata.org/entity/Q16053,<http://www.wikidata.org/prop/direct/P26>,http://www.wikidata.org/entity/Q4882877,0.5099058636168924
http://www.wikidata.org/entity/Q35686,<http://www.wikidata.org/prop/direct/P26>,http://www.wikidata.org/entity/Q234525,0.5097643841130792
http://www.wikidata.org/entity/Q338114,<http://www.wikidata.org/prop/direct/P26>,http://www.wikidata.org/entity/Q18690639,0.5095976582660215
http://www.wikidata.org/entity/Q2540,<http://www.wikidata.org/prop/direct/P26>,http://www.wikidata.org/entity/Q1808028,0.5095498333525509
http://www.wikidata.org/entity/Q233806,<http://www.wikidata.org/prop/direct/P26>,http://www.wikidata.org/entity/Q441424,0.5095141257417132
http://www.wikidata.org/entity/Q7599711,<http://www.wikidata.org/prop/direct/P26>,http://www.wikidata.org/entity/Q6698188,0.5094677568580763
http://www.wikidata.org/entity/Q335091,<http://www.wikidata.org/prop/direct/P26>,http://www.wikidata.org/entity/Q5403246,0.5092516715611682
http://www.wikidata.org/entity/Q233181,<http://www.wikidata.org/prop/direct/P26>,http://www.wikidata.org/entity/Q714884,0.5092412971064318
http://www.wikidata.org/entity/Q335078,<http://www.wikidata.org/prop/direct/P26>,http://www.wikidata.org/entity/Q16773606,0.5092373298850708
http://www.wikidata.org/entity/Q274267,<http://www.wikidata.org/prop/direct/P26>,http://www.wikidata.org/entity/Q18762412,0.5091600994061554
http://www.wikidata.org/entity/Q1929926,<http://www.wikidata.org/prop/direct/P26>,http://www.wikidata.org/entity/Q55739320,0.5090737735656179
http://www.wikidata.org/entity/Q167573,<http://www.wikidata.org/prop/direct/P26>,http://www.wikidata.org/entity/Q18690639,0.5090607773035807
http://www.wikidata.org/entity/Q55245,<http://www.wikidata.org/prop/direct/P26>,http://www.wikidata.org/entity/Q234266,0.5090012083121703
http://www.wikidata.org/entity/Q310849,<http://www.wikidata.org/prop/direct/P26>,http://www.wikidata.org/entity/Q15695053,0.5089718808449346
http://www.wikidata.org/entity/Q5460283,<http://www.wikidata.org/prop/direct/P26>,http://www.wikidata.org/entity/Q55437767,0.508801841413425
http://www.wikidata.org/entity/Q9145651,<http://www.wikidata.org/prop/direct/P26>,http://www.wikidata.org/entity/Q237590,0.5086943544433947
http://www.wikidata.org/entity/Q1929926,<http://www.wikidata.org/prop/direct/P26>,http://www.wikidata.org/entity/Q19873507,0.5086171412715214
http://www.wikidata.org/entity/Q11860,<http://www.wikidata.org/prop/direct/P26>,http://www.wikidata.org/entity/Q5052545,0.5085983390439249
http://www.wikidata.org/entity/Q391562,<http://www.wikidata.org/prop/direct/P26>,http://www.wikidata.org/entity/Q4882877,0.5085654857309697
http://www.wikidata.org/entity/Q289951,<http://www.wikidata.org/prop/direct/P26>,http://www.wikidata.org/entity/Q234266,0.5085224412653669
http://www.wikidata.org/entity/Q104081,<http://www.wikidata.org/prop/direct/P26>,http://www.wikidata.org/entity/Q42041913,0.5085178823347188
http://www.wikidata.org/entity/Q104081,<http://www.wikidata.org/prop/direct/P26>,http://www.wikidata.org/entity/Q42041913,0.5085178823347188
http://www.wikidata.org/entity/Q42939,<http://www.wikidata.org/prop/direct/P26>,http://www.wikidata.org/entity/Q11551971,0.5084830327268354
http://www.wikidata.org/entity/Q335078,<http://www.wikidata.org/prop/direct/P26>,http://www.wikidata.org/entity/Q234266,0.5084111230736114
http://www.wikidata.org/entity/Q4685934,<http://www.wikidata.org/prop/direct/P26>,http://www.wikidata.org/entity/Q50491448,0.5083520229088404
http://www.wikidata.org/entity/Q352725,<http://www.wikidata.org/prop/direct/P26>,http://www.wikidata.org/entity/Q42041913,0.5083156759430302
http://www.wikidata.org/entity/Q8016372,<http://www.wikidata.org/prop/direct/P26>,http://www.wikidata.org/entity/Q47486968,0.5082156967165214
http://www.wikidata.org/entity/Q334282,<http://www.wikidata.org/prop/direct/P26>,http://www.wikidata.org/entity/Q28530644,0.5081927769989804
http://www.wikidata.org/entity/Q1039034,<http://www.wikidata.org/prop/direct/P26>,http://www.wikidata.org/entity/Q6158103,0.5080710393432321
http://www.wikidata.org/entity/Q1043,<http://www.wikidata.org/prop/direct/P26>,http://www.wikidata.org/entity/Q1227400,0.5080704763481534
http://www.wikidata.org/entity/Q333289,<http://www.wikidata.org/prop/direct/P26>,http://www.wikidata.org/entity/Q7367232,0.5080365226084043
http://www.wikidata.org/entity/Q337691,<http://www.wikidata.org/prop/direct/P26>,http://www.wikidata.org/entity/Q42041913,0.5080303279060324
http://www.wikidata.org/entity/Q420845,<http://www.wikidata.org/prop/direct/P26>,http://www.wikidata.org/entity/Q55437767,0.5080022069370689
http://www.wikidata.org/entity/Q356919,<http://www.wikidata.org/prop/direct/P26>,http://www.wikidata.org/entity/Q16537349,0.5079942097379293
http://www.wikidata.org/entity/Q334102,<http://www.wikidata.org/prop/direct/P26>,http://www.wikidata.org/entity/Q78793,0.5079699940052196
http://www.wikidata.org/entity/Q55032081,<http://www.wikidata.org/prop/direct/P26>,http://www.wikidata.org/entity/Q16022573,0.5079287101709684
http://www.wikidata.org/entity/Q128976,<http://www.wikidata.org/prop/direct/P26>,http://www.wikidata.org/entity/Q19873507,0.5077984220336845
http://www.wikidata.org/entity/Q173347,<http://www.wikidata.org/prop/direct/P26>,http://www.wikidata.org/entity/Q465772,0.5077941086029495
http://www.wikidata.org/entity/Q12306,<http://www.wikidata.org/prop/direct/P26>,http://www.wikidata.org/entity/Q4725932,0.5077112893062509
http://www.wikidata.org/entity/Q20823179,<http://www.wikidata.org/prop/direct/P26>,http://www.wikidata.org/entity/Q29167061,0.5077028481239566
http://www.wikidata.org/entity/Q157259,<http://www.wikidata.org/prop/direct/P26>,http://www.wikidata.org/entity/Q2701890,0.5076985766796572
http://www.wikidata.org/entity/Q860041,<http://www.wikidata.org/prop/direct/P26>,http://www.wikidata.org/entity/Q154842,0.5076863764900182
http://www.wikidata.org/entity/Q337525,<http://www.wikidata.org/prop/direct/P26>,http://www.wikidata.org/entity/Q78793,0.5076536792100578
http://www.wikidata.org/entity/Q9576,<http://www.wikidata.org/prop/direct/P26>,http://www.wikidata.org/entity/Q21296956,0.507591286809446
http://www.wikidata.org/entity/Q288771,<http://www.wikidata.org/prop/direct/P26>,http://www.wikidata.org/entity/Q17363779,0.5075704422830865
http://www.wikidata.org/entity/Q335394,<http://www.wikidata.org/prop/direct/P26>,http://www.wikidata.org/entity/Q234266,0.507523748896767
http://www.wikidata.org/entity/Q285102,<http://www.wikidata.org/prop/direct/P26>,http://www.wikidata.org/entity/Q12900213,0.5075169673714206
http://www.wikidata.org/entity/Q8349,<http://www.wikidata.org/prop/direct/P26>,http://www.wikidata.org/entity/Q17363779,0.5074603256225104
http://www.wikidata.org/entity/Q4028,<http://www.wikidata.org/prop/direct/P26>,http://www.wikidata.org/entity/Q20743394,0.5074496490115966
http://www.wikidata.org/entity/Q3165226,<http://www.wikidata.org/prop/direct/P26>,http://www.wikidata.org/entity/Q78793,0.5073706417380773
http://www.wikidata.org/entity/Q333683,<http://www.wikidata.org/prop/direct/P26>,http://www.wikidata.org/entity/Q1808028,0.5073613828857898
http://www.wikidata.org/entity/Q1791630,<http://www.wikidata.org/prop/direct/P26>,http://www.wikidata.org/entity/Q7647623,0.5073116361525086
http://www.wikidata.org/entity/Q359797,<http://www.wikidata.org/prop/direct/P26>,http://www.wikidata.org/entity/Q4882877,0.5073090654765359
http://www.wikidata.org/entity/Q2580935,<http://www.wikidata.org/prop/direct/P26>,http://www.wikidata.org/entity/Q27943431,0.5072810158250584
http://www.wikidata.org/entity/Q333050,<http://www.wikidata.org/prop/direct/P26>,http://www.wikidata.org/entity/Q6698188,0.5072656347443679
http://www.wikidata.org/entity/Q7786818,<http://www.wikidata.org/prop/direct/P26>,http://www.wikidata.org/entity/Q461429,0.5072606903116423
http://www.wikidata.org/entity/Q182021,<http://www.wikidata.org/prop/direct/P26>,http://www.wikidata.org/entity/Q464994,0.5072505941000094
http://www.wikidata.org/entity/Q332572,<http://www.wikidata.org/prop/direct/P26>,http://www.wikidata.org/entity/Q50491448,0.5072505508307332
http://www.wikidata.org/entity/Q2538,<http://www.wikidata.org/prop/direct/P26>,http://www.wikidata.org/entity/Q20185706,0.5072363197450742
http://www.wikidata.org/entity/Q333207,<http://www.wikidata.org/prop/direct/P26>,http://www.wikidata.org/entity/Q20185706,0.5072214948322535
http://www.wikidata.org/entity/Q336249,<http://www.wikidata.org/prop/direct/P26>,http://www.wikidata.org/entity/Q21296956,0.5072074884843233
http://www.wikidata.org/entity/Q3643409,<http://www.wikidata.org/prop/direct/P26>,http://www.wikidata.org/entity/Q1808028,0.5071958951524005
http://www.wikidata.org/entity/Q61481949,<http://www.wikidata.org/prop/direct/P26>,http://www.wikidata.org/entity/Q55437767,0.5071757532545159
http://www.wikidata.org/entity/Q11820,<http://www.wikidata.org/prop/direct/P26>,http://www.wikidata.org/entity/Q4725932,0.5071327959054563
http://www.wikidata.org/entity/Q152025,<http://www.wikidata.org/prop/direct/P26>,http://www.wikidata.org/entity/Q9287447,0.5070890343529806
http://www.wikidata.org/entity/Q8612,<http://www.wikidata.org/prop/direct/P26>,http://www.wikidata.org/entity/Q464994,0.5070246328140154
http://www.wikidata.org/entity/Q1390745,<http://www.wikidata.org/prop/direct/P26>,http://www.wikidata.org/entity/Q19873507,0.5069816472838401
http://www.wikidata.org/entity/Q131691,<http://www.wikidata.org/prop/direct/P26>,http://www.wikidata.org/entity/Q12900213,0.5069048712739281
http://www.wikidata.org/entity/Q10390,<http://www.wikidata.org/prop/direct/P26>,http://www.wikidata.org/entity/Q465772,0.5068748566185773
http://www.wikidata.org/entity/Q7365334,<http://www.wikidata.org/prop/direct/P26>,http://www.wikidata.org/entity/Q441424,0.5068244151386297
http://www.wikidata.org/entity/Q131691,<http://www.wikidata.org/prop/direct/P26>,http://www.wikidata.org/entity/Q431115,0.5068095688116769
http://www.wikidata.org/entity/Q8007,<http://www.wikidata.org/prop/direct/P26>,http://www.wikidata.org/entity/Q27943431,0.5068024059762245
http://www.wikidata.org/entity/Q24251410,<http://www.wikidata.org/prop/direct/P26>,http://www.wikidata.org/entity/Q79966801,0.5067640711504096
http://www.wikidata.org/entity/Q76712,<http://www.wikidata.org/prop/direct/P26>,http://www.wikidata.org/entity/Q12900213,0.5067415778228951
http://www.wikidata.org/entity/Q332696,<http://www.wikidata.org/prop/direct/P26>,http://www.wikidata.org/entity/Q29167061,0.5067411058220872
http://www.wikidata.org/entity/Q5589390,<http://www.wikidata.org/prop/direct/P26>,http://www.wikidata.org/entity/Q1808028,0.5066954784208503
http://www.wikidata.org/entity/Q5939947,<http://www.wikidata.org/prop/direct/P26>,http://www.wikidata.org/entity/Q6698188,0.5066786737829373
http://www.wikidata.org/entity/Q25973,<http://www.wikidata.org/prop/direct/P26>,http://www.wikidata.org/entity/Q6158103,0.5066685285595692
http://www.wikidata.org/entity/Q4858727,<http://www.wikidata.org/prop/direct/P26>,http://www.wikidata.org/entity/Q7367232,0.5066586089520214
http://www.wikidata.org/entity/Q12927,<http://www.wikidata.org/prop/direct/P26>,http://www.wikidata.org/entity/Q28530644,0.5065090188219823
http://www.wikidata.org/entity/Q1043,<http://www.wikidata.org/prop/direct/P26>,http://www.wikidata.org/entity/Q153120,0.5065076505827687
http://www.wikidata.org/entity/Q274267,<http://www.wikidata.org/prop/direct/P26>,http://www.wikidata.org/entity/Q6698188,0.5062513637257793
http://www.wikidata.org/entity/Q3956186,<http://www.wikidata.org/prop/direct/P26>,http://www.wikidata.org/entity/Q260649,0.5061892169285059
http://www.wikidata.org/entity/Q69319,<http://www.wikidata.org/prop/direct/P26>,http://www.wikidata.org/entity/Q7647623,0.5061483949876175
http://www.wikidata.org/entity/Q2761950,<http://www.wikidata.org/prop/direct/P26>,http://www.wikidata.org/entity/Q55437767,0.5061184383108024
http://www.wikidata.org/entity/Q6242277,<http://www.wikidata.org/prop/direct/P26>,http://www.wikidata.org/entity/Q29572894,0.5061031343413562
http://www.wikidata.org/entity/Q2086683,<http://www.wikidata.org/prop/direct/P26>,http://www.wikidata.org/entity/Q234525,0.5060611825828645
http://www.wikidata.org/entity/Q2086683,<http://www.wikidata.org/prop/direct/P26>,http://www.wikidata.org/entity/Q234525,0.5060611825828645
http://www.wikidata.org/entity/Q10819,<http://www.wikidata.org/prop/direct/P26>,http://www.wikidata.org/entity/Q79966801,0.5060045188778131
http://www.wikidata.org/entity/Q337520,<http://www.wikidata.org/prop/direct/P26>,http://www.wikidata.org/entity/Q6158103,0.5059941923909094
http://www.wikidata.org/entity/Q2883259,<http://www.wikidata.org/prop/direct/P26>,http://www.wikidata.org/entity/Q20185706,0.5059671307742
http://www.wikidata.org/entity/Q2580935,<http://www.wikidata.org/prop/direct/P26>,http://www.wikidata.org/entity/Q2701890,0.505907825031768
http://www.wikidata.org/entity/Q332660,<http://www.wikidata.org/prop/direct/P26>,http://www.wikidata.org/entity/Q6376211,0.5058778892247087
http://www.wikidata.org/entity/Q47619,<http://www.wikidata.org/prop/direct/P26>,http://www.wikidata.org/entity/Q6962879,0.505865835776977
http://www.wikidata.org/entity/Q5653897,<http://www.wikidata.org/prop/direct/P26>,http://www.wikidata.org/entity/Q234266,0.5058074754799066
http://www.wikidata.org/entity/Q5343190,<http://www.wikidata.org/prop/direct/P26>,http://www.wikidata.org/entity/Q431115,0.5057456433834958
http://www.wikidata.org/entity/Q42939,<http://www.wikidata.org/prop/direct/P26>,http://www.wikidata.org/entity/Q27943431,0.5057403973095155
http://www.wikidata.org/entity/Q2842375,<http://www.wikidata.org/prop/direct/P26>,http://www.wikidata.org/entity/Q29572894,0.5057307401679607
http://www.wikidata.org/entity/Q78465,<http://www.wikidata.org/prop/direct/P26>,http://www.wikidata.org/entity/Q4725932,0.5056937105079403
http://www.wikidata.org/entity/Q25310,<http://www.wikidata.org/prop/direct/P26>,http://www.wikidata.org/entity/Q547550,0.5056854989421197
http://www.wikidata.org/entity/Q167573,<http://www.wikidata.org/prop/direct/P26>,http://www.wikidata.org/entity/Q7647623,0.5056486668506402
http://www.wikidata.org/entity/Q261120,<http://www.wikidata.org/prop/direct/P26>,http://www.wikidata.org/entity/Q1808028,0.5055905747687599
http://www.wikidata.org/entity/Q6279191,<http://www.wikidata.org/prop/direct/P26>,http://www.wikidata.org/entity/Q6158103,0.5055778492547239
http://www.wikidata.org/entity/Q7546,<http://www.wikidata.org/prop/direct/P26>,http://www.wikidata.org/entity/Q441424,0.5055562966232394
http://www.wikidata.org/entity/Q335230,<http://www.wikidata.org/prop/direct/P26>,http://www.wikidata.org/entity/Q18690639,0.5055537225448695
http://www.wikidata.org/entity/Q332632,<http://www.wikidata.org/prop/direct/P26>,http://www.wikidata.org/entity/Q18762412,0.505550371749079
http://www.wikidata.org/entity/Q6245029,<http://www.wikidata.org/prop/direct/P26>,http://www.wikidata.org/entity/Q6962879,0.5055295138435856
http://www.wikidata.org/entity/Q57665,<http://www.wikidata.org/prop/direct/P26>,http://www.wikidata.org/entity/Q1808028,0.5055037959225256
http://www.wikidata.org/entity/Q25973,<http://www.wikidata.org/prop/direct/P26>,http://www.wikidata.org/entity/Q78793,0.505502225631442
http://www.wikidata.org/entity/Q57286,<http://www.wikidata.org/prop/direct/P26>,http://www.wikidata.org/entity/Q18762412,0.5054678653393372
http://www.wikidata.org/entity/Q35686,<http://www.wikidata.org/prop/direct/P26>,http://www.wikidata.org/entity/Q6376211,0.5054498863297876
http://www.wikidata.org/entity/Q7365334,<http://www.wikidata.org/prop/direct/P26>,http://www.wikidata.org/entity/Q4882877,0.5053911449699221
http://www.wikidata.org/entity/Q167654,<http://www.wikidata.org/prop/direct/P26>,http://www.wikidata.org/entity/Q7647623,0.5053766069332601
http://www.wikidata.org/entity/Q5393810,<http://www.wikidata.org/prop/direct/P26>,http://www.wikidata.org/entity/Q260649,0.5053628111433465
http://www.wikidata.org/entity/Q79119,<http://www.wikidata.org/prop/direct/P26>,http://www.wikidata.org/entity/Q465772,0.5053240622633683
http://www.wikidata.org/entity/Q268262,<http://www.wikidata.org/prop/direct/P26>,http://www.wikidata.org/entity/Q20743394,0.5052826131607708
http://www.wikidata.org/entity/Q946,<http://www.wikidata.org/prop/direct/P26>,http://www.wikidata.org/entity/Q464994,0.505186084688505
http://www.wikidata.org/entity/Q7173106,<http://www.wikidata.org/prop/direct/P26>,http://www.wikidata.org/entity/Q11551971,0.5051691093801599
http://www.wikidata.org/entity/Q78869,<http://www.wikidata.org/prop/direct/P26>,http://www.wikidata.org/entity/Q4882877,0.5051625027345689
http://www.wikidata.org/entity/Q180589,<http://www.wikidata.org/prop/direct/P26>,http://www.wikidata.org/entity/Q260649,0.5051188252852219
http://www.wikidata.org/entity/Q12306,<http://www.wikidata.org/prop/direct/P26>,http://www.wikidata.org/entity/Q15695053,0.505092830670685
http://www.wikidata.org/entity/Q1247047,<http://www.wikidata.org/prop/direct/P26>,http://www.wikidata.org/entity/Q16022573,0.5050833851875838
http://www.wikidata.org/entity/Q173347,<http://www.wikidata.org/prop/direct/P26>,http://www.wikidata.org/entity/Q2701890,0.5050320296522454
http://www.wikidata.org/entity/Q12927,<http://www.wikidata.org/prop/direct/P26>,http://www.wikidata.org/entity/Q714884,0.5049812416077216
http://www.wikidata.org/entity/Q205545,<http://www.wikidata.org/prop/direct/P26>,http://www.wikidata.org/entity/Q1227400,0.5049440297131337
http://www.wikidata.org/entity/Q1390745,<http://www.wikidata.org/prop/direct/P26>,http://www.wikidata.org/entity/Q7367232,0.5049276372773024
http://www.wikidata.org/entity/Q8016998,<http://www.wikidata.org/prop/direct/P26>,http://www.wikidata.org/entity/Q4100648,0.5049064394820657
http://www.wikidata.org/entity/Q35236,<http://www.wikidata.org/prop/direct/P26>,http://www.wikidata.org/entity/Q6962879,0.5049062195696284
http://www.wikidata.org/entity/Q183105,<http://www.wikidata.org/prop/direct/P26>,http://www.wikidata.org/entity/Q7367232,0.5049021729772534
http://www.wikidata.org/entity/Q3357504,<http://www.wikidata.org/prop/direct/P26>,http://www.wikidata.org/entity/Q16773606,0.5048030244580362
http://www.wikidata.org/entity/Q5940663,<http://www.wikidata.org/prop/direct/P26>,http://www.wikidata.org/entity/Q50491448,0.5047716698523989
http://www.wikidata.org/entity/Q243705,<http://www.wikidata.org/prop/direct/P26>,http://www.wikidata.org/entity/Q5052545,0.5047692319253012
http://www.wikidata.org/entity/Q696036,<http://www.wikidata.org/prop/direct/P26>,http://www.wikidata.org/entity/Q57079355,0.5047534032347265
http://www.wikidata.org/entity/Q345531,<http://www.wikidata.org/prop/direct/P26>,http://www.wikidata.org/entity/Q55739320,0.5046178684506348
http://www.wikidata.org/entity/Q2958465,<http://www.wikidata.org/prop/direct/P26>,http://www.wikidata.org/entity/Q464994,0.5046079765191072
http://www.wikidata.org/entity/Q3815096,<http://www.wikidata.org/prop/direct/P26>,http://www.wikidata.org/entity/Q29572894,0.5046052113514088
http://www.wikidata.org/entity/Q1394,<http://www.wikidata.org/prop/direct/P26>,http://www.wikidata.org/entity/Q43458756,0.5045537456837956
http://www.wikidata.org/entity/Q333281,<http://www.wikidata.org/prop/direct/P26>,http://www.wikidata.org/entity/Q465772,0.5045501283506061
http://www.wikidata.org/entity/Q35678,<http://www.wikidata.org/prop/direct/P26>,http://www.wikidata.org/entity/Q16773606,0.5045416396228534
http://www.wikidata.org/entity/Q153522,<http://www.wikidata.org/prop/direct/P26>,http://www.wikidata.org/entity/Q12324638,0.5044711137411728
http://www.wikidata.org/entity/Q2540,<http://www.wikidata.org/prop/direct/P26>,http://www.wikidata.org/entity/Q17363779,0.5044543969053357
http://www.wikidata.org/entity/Q332400,<http://www.wikidata.org/prop/direct/P26>,http://www.wikidata.org/entity/Q11551971,0.5044525430559383
http://www.wikidata.org/entity/Q10390,<http://www.wikidata.org/prop/direct/P26>,http://www.wikidata.org/entity/Q1227400,0.50440081053353
http://www.wikidata.org/entity/Q7981,<http://www.wikidata.org/prop/direct/P26>,http://www.wikidata.org/entity/Q19873507,0.5043830748714361
http://www.wikidata.org/entity/Q2411883,<http://www.wikidata.org/prop/direct/P26>,http://www.wikidata.org/entity/Q260649,0.5043514783482332
http://www.wikidata.org/entity/Q275085,<http://www.wikidata.org/prop/direct/P26>,http://www.wikidata.org/entity/Q2192425,0.5043406501974712
http://www.wikidata.org/entity/Q332442,<http://www.wikidata.org/prop/direct/P26>,http://www.wikidata.org/entity/Q27943431,0.5043097707982469
http://www.wikidata.org/entity/Q332813,<http://www.wikidata.org/prop/direct/P26>,http://www.wikidata.org/entity/Q464994,0.5042128507403743
http://www.wikidata.org/entity/Q5653897,<http://www.wikidata.org/prop/direct/P26>,http://www.wikidata.org/entity/Q21296956,0.5041534070465057
http://www.wikidata.org/entity/Q134982,<http://www.wikidata.org/prop/direct/P26>,http://www.wikidata.org/entity/Q431115,0.5041437856806678
http://www.wikidata.org/entity/Q402274,<http://www.wikidata.org/prop/direct/P26>,http://www.wikidata.org/entity/Q465426,0.5041412914398841
http://www.wikidata.org/entity/Q2783907,<http://www.wikidata.org/prop/direct/P26>,http://www.wikidata.org/entity/Q55437767,0.5041312413995653
http://www.wikidata.org/entity/Q2105,<http://www.wikidata.org/prop/direct/P26>,http://www.wikidata.org/entity/Q3051212,0.5040935510891646
http://www.wikidata.org/entity/Q337595,<http://www.wikidata.org/prop/direct/P26>,http://www.wikidata.org/entity/Q153120,0.5040876903607043
http://www.wikidata.org/entity/Q1609721,<http://www.wikidata.org/prop/direct/P26>,http://www.wikidata.org/entity/Q573546,0.5040706422547443
http://www.wikidata.org/entity/Q5278755,<http://www.wikidata.org/prop/direct/P26>,http://www.wikidata.org/entity/Q154842,0.5040595714397674
http://www.wikidata.org/entity/Q182021,<http://www.wikidata.org/prop/direct/P26>,http://www.wikidata.org/entity/Q9287447,0.5040105866231758
http://www.wikidata.org/entity/Q1247047,<http://www.wikidata.org/prop/direct/P26>,http://www.wikidata.org/entity/Q16537349,0.5039038256533315
http://www.wikidata.org/entity/Q166646,<http://www.wikidata.org/prop/direct/P26>,http://www.wikidata.org/entity/Q11551971,0.5038578366941098
http://www.wikidata.org/entity/Q182021,<http://www.wikidata.org/prop/direct/P26>,http://www.wikidata.org/entity/Q5403246,0.5037838644843291
http://www.wikidata.org/entity/Q3359352,<http://www.wikidata.org/prop/direct/P26>,http://www.wikidata.org/entity/Q16537349,0.5037621788766323
http://www.wikidata.org/entity/Q567,<http://www.wikidata.org/prop/direct/P26>,http://www.wikidata.org/entity/Q531983,0.5037608787028318
http://www.wikidata.org/entity/Q152025,<http://www.wikidata.org/prop/direct/P26>,http://www.wikidata.org/entity/Q47486968,0.5036921283345183
http://www.wikidata.org/entity/Q11806,<http://www.wikidata.org/prop/direct/P26>,http://www.wikidata.org/entity/Q50491448,0.5036736934138266
http://www.wikidata.org/entity/Q108622,<http://www.wikidata.org/prop/direct/P26>,http://www.wikidata.org/entity/Q237590,0.5036076256673305
http://www.wikidata.org/entity/Q11881,<http://www.wikidata.org/prop/direct/P26>,http://www.wikidata.org/entity/Q6698188,0.5036056096031161
http://www.wikidata.org/entity/Q78465,<http://www.wikidata.org/prop/direct/P26>,http://www.wikidata.org/entity/Q461429,0.5035728274333029
http://www.wikidata.org/entity/Q5939947,<http://www.wikidata.org/prop/direct/P26>,http://www.wikidata.org/entity/Q18690639,0.503540707301902
http://www.wikidata.org/entity/Q860041,<http://www.wikidata.org/prop/direct/P26>,http://www.wikidata.org/entity/Q6962879,0.5035251624976705
http://www.wikidata.org/entity/Q3395941,<http://www.wikidata.org/prop/direct/P26>,http://www.wikidata.org/entity/Q11551971,0.5035195736590887
http://www.wikidata.org/entity/Q3132661,<http://www.wikidata.org/prop/direct/P26>,http://www.wikidata.org/entity/Q6376211,0.5034699935084415
http://www.wikidata.org/entity/Q171480,<http://www.wikidata.org/prop/direct/P26>,http://www.wikidata.org/entity/Q5403246,0.503405594825538
http://www.wikidata.org/entity/Q9292296,<http://www.wikidata.org/prop/direct/P26>,http://www.wikidata.org/entity/Q15695053,0.5033948720727638
http://www.wikidata.org/entity/Q288771,<http://www.wikidata.org/prop/direct/P26>,http://www.wikidata.org/entity/Q12900213,0.5033936326576732
http://www.wikidata.org/entity/Q179090,<http://www.wikidata.org/prop/direct/P26>,http://www.wikidata.org/entity/Q1227400,0.5032753210983638
http://www.wikidata.org/entity/Q5725520,<http://www.wikidata.org/prop/direct/P26>,http://www.wikidata.org/entity/Q2701890,0.5032609504987825
http://www.wikidata.org/entity/Q117144,<http://www.wikidata.org/prop/direct/P26>,http://www.wikidata.org/entity/Q18762412,0.5032252676237893
http://www.wikidata.org/entity/Q2075069,<http://www.wikidata.org/prop/direct/P26>,http://www.wikidata.org/entity/Q50491448,0.5032185411113399
http://www.wikidata.org/entity/Q855,<http://www.wikidata.org/prop/direct/P26>,http://www.wikidata.org/entity/Q28530644,0.5031754970423699
http://www.wikidata.org/entity/Q1677284,<http://www.wikidata.org/prop/direct/P26>,http://www.wikidata.org/entity/Q6376211,0.5031489093658241
http://www.wikidata.org/entity/Q333281,<http://www.wikidata.org/prop/direct/P26>,http://www.wikidata.org/entity/Q260649,0.50313845970219
http://www.wikidata.org/entity/Q332941,<http://www.wikidata.org/prop/direct/P26>,http://www.wikidata.org/entity/Q11551971,0.5031345234568637
http://www.wikidata.org/entity/Q2960441,<http://www.wikidata.org/prop/direct/P26>,http://www.wikidata.org/entity/Q531983,0.5031224182436353
http://www.wikidata.org/entity/Q334449,<http://www.wikidata.org/prop/direct/P26>,http://www.wikidata.org/entity/Q18762412,0.5031059041576152
http://www.wikidata.org/entity/Q5593,<http://www.wikidata.org/prop/direct/P26>,http://www.wikidata.org/entity/Q234525,0.5030268945929309
http://www.wikidata.org/entity/Q2580935,<http://www.wikidata.org/prop/direct/P26>,http://www.wikidata.org/entity/Q16773606,0.5030252242656758
http://www.wikidata.org/entity/Q2540,<http://www.wikidata.org/prop/direct/P26>,http://www.wikidata.org/entity/Q237590,0.5029575677216226
http://www.wikidata.org/entity/Q9292296,<http://www.wikidata.org/prop/direct/P26>,http://www.wikidata.org/entity/Q78793,0.502938260499285
http://www.wikidata.org/entity/Q335230,<http://www.wikidata.org/prop/direct/P26>,http://www.wikidata.org/entity/Q260649,0.5029228818229616
http://www.wikidata.org/entity/Q11344945,<http://www.wikidata.org/prop/direct/P26>,http://www.wikidata.org/entity/Q28530644,0.5029053611707786
http://www.wikidata.org/entity/Q337630,<http://www.wikidata.org/prop/direct/P26>,http://www.wikidata.org/entity/Q237590,0.5028481336713624
http://www.wikidata.org/entity/Q2883259,<http://www.wikidata.org/prop/direct/P26>,http://www.wikidata.org/entity/Q79966801,0.5028478076965466
http://www.wikidata.org/entity/Q736924,<http://www.wikidata.org/prop/direct/P26>,http://www.wikidata.org/entity/Q55739320,0.5028249266917778
http://www.wikidata.org/entity/Q25973,<http://www.wikidata.org/prop/direct/P26>,http://www.wikidata.org/entity/Q20185706,0.5028004100686364
http://www.wikidata.org/entity/Q335230,<http://www.wikidata.org/prop/direct/P26>,http://www.wikidata.org/entity/Q1808028,0.5027587525437024
http://www.wikidata.org/entity/Q264314,<http://www.wikidata.org/prop/direct/P26>,http://www.wikidata.org/entity/Q3051212,0.5027433864769195
http://www.wikidata.org/entity/Q3956186,<http://www.wikidata.org/prop/direct/P26>,http://www.wikidata.org/entity/Q27943431,0.5026819677575903
http://www.wikidata.org/entity/Q7298,<http://www.wikidata.org/prop/direct/P26>,http://www.wikidata.org/entity/Q47486968,0.5026617994432437
http://www.wikidata.org/entity/Q333004,<http://www.wikidata.org/prop/direct/P26>,http://www.wikidata.org/entity/Q57079355,0.5026417180875093
http://www.wikidata.org/entity/Q236038,<http://www.wikidata.org/prop/direct/P26>,http://www.wikidata.org/entity/Q29572894,0.5026307468845725
http://www.wikidata.org/entity/Q11820,<http://www.wikidata.org/prop/direct/P26>,http://www.wikidata.org/entity/Q29167061,0.5025884894171064
http://www.wikidata.org/entity/Q171480,<http://www.wikidata.org/prop/direct/P26>,http://www.wikidata.org/entity/Q4725932,0.5025771267590282
http://www.wikidata.org/entity/Q2761950,<http://www.wikidata.org/prop/direct/P26>,http://www.wikidata.org/entity/Q260649,0.5025732089222149
http://www.wikidata.org/entity/Q1537141,<http://www.wikidata.org/prop/direct/P26>,http://www.wikidata.org/entity/Q29572894,0.5025614732858039
http://www.wikidata.org/entity/Q335091,<http://www.wikidata.org/prop/direct/P26>,http://www.wikidata.org/entity/Q465426,0.5025364451777727
http://www.wikidata.org/entity/Q15462,<http://www.wikidata.org/prop/direct/P26>,http://www.wikidata.org/entity/Q20185706,0.5025317494393912
http://www.wikidata.org/entity/Q456122,<http://www.wikidata.org/prop/direct/P26>,http://www.wikidata.org/entity/Q2701890,0.502503931124616
http://www.wikidata.org/entity/Q334971,<http://www.wikidata.org/prop/direct/P26>,http://www.wikidata.org/entity/Q6376211,0.5024406364284395
http://www.wikidata.org/entity/Q1039034,<http://www.wikidata.org/prop/direct/P26>,http://www.wikidata.org/entity/Q4647471,0.5023829083472164
http://www.wikidata.org/entity/Q314773,<http://www.wikidata.org/prop/direct/P26>,http://www.wikidata.org/entity/Q714884,0.5023770535090112
http://www.wikidata.org/entity/Q2105,<http://www.wikidata.org/prop/direct/P26>,http://www.wikidata.org/entity/Q7367232,0.5023536817716473
http://www.wikidata.org/entity/Q7981,<http://www.wikidata.org/prop/direct/P26>,http://www.wikidata.org/entity/Q20185706,0.5023448300749487
http://www.wikidata.org/entity/Q7365334,<http://www.wikidata.org/prop/direct/P26>,http://www.wikidata.org/entity/Q12324638,0.5022925446438515
http://www.wikidata.org/entity/Q2594,<http://www.wikidata.org/prop/direct/P26>,http://www.wikidata.org/entity/Q4725932,0.502209972470977
http://www.wikidata.org/entity/Q6279191,<http://www.wikidata.org/prop/direct/P26>,http://www.wikidata.org/entity/Q57079355,0.5021761717213568
http://www.wikidata.org/entity/Q5152,<http://www.wikidata.org/prop/direct/P26>,http://www.wikidata.org/entity/Q6158103,0.5021523894235349
http://www.wikidata.org/entity/Q470732,<http://www.wikidata.org/prop/direct/P26>,http://www.wikidata.org/entity/Q29572894,0.5021453898502094
http://www.wikidata.org/entity/Q335230,<http://www.wikidata.org/prop/direct/P26>,http://www.wikidata.org/entity/Q4100648,0.5020840397220244
http://www.wikidata.org/entity/Q5393810,<http://www.wikidata.org/prop/direct/P26>,http://www.wikidata.org/entity/Q20743394,0.50207770382077
http://www.wikidata.org/entity/Q333289,<http://www.wikidata.org/prop/direct/P26>,http://www.wikidata.org/entity/Q9287447,0.5020381174086029
http://www.wikidata.org/entity/Q5725520,<http://www.wikidata.org/prop/direct/P26>,http://www.wikidata.org/entity/Q78793,0.502033729970888
http://www.wikidata.org/entity/Q173347,<http://www.wikidata.org/prop/direct/P26>,http://www.wikidata.org/entity/Q7647623,0.5020146747658185
http://www.wikidata.org/entity/Q63397,<http://www.wikidata.org/prop/direct/P26>,http://www.wikidata.org/entity/Q78793,0.5020101077167856
http://www.wikidata.org/entity/Q855,<http://www.wikidata.org/prop/direct/P26>,http://www.wikidata.org/entity/Q55437767,0.5020051279711442
http://www.wikidata.org/entity/Q361026,<http://www.wikidata.org/prop/direct/P26>,http://www.wikidata.org/entity/Q79966801,0.5019183587339004
http://www.wikidata.org/entity/Q350198,<http://www.wikidata.org/prop/direct/P26>,http://www.wikidata.org/entity/Q7244552,0.5018967452861295
http://www.wikidata.org/entity/Q33866,<http://www.wikidata.org/prop/direct/P26>,http://www.wikidata.org/entity/Q3051212,0.5018683969976366
http://www.wikidata.org/entity/Q342889,<http://www.wikidata.org/prop/direct/P26>,http://www.wikidata.org/entity/Q9287447,0.5018527079548172
http://www.wikidata.org/entity/Q335260,<http://www.wikidata.org/prop/direct/P26>,http://www.wikidata.org/entity/Q16773606,0.5018310842849371
http://www.wikidata.org/entity/Q231292,<http://www.wikidata.org/prop/direct/P26>,http://www.wikidata.org/entity/Q55437767,0.5018266929851241
http://www.wikidata.org/entity/Q105667,<http://www.wikidata.org/prop/direct/P26>,http://www.wikidata.org/entity/Q27943431,0.5018251947852397
http://www.wikidata.org/entity/Q2761950,<http://www.wikidata.org/prop/direct/P26>,http://www.wikidata.org/entity/Q714884,0.5017418031984371
http://www.wikidata.org/entity/Q157324,<http://www.wikidata.org/prop/direct/P26>,http://www.wikidata.org/entity/Q6158103,0.5016824461624211
http://www.wikidata.org/entity/Q511928,<http://www.wikidata.org/prop/direct/P26>,http://www.wikidata.org/entity/Q573546,0.5016822421684711
http://www.wikidata.org/entity/Q2960441,<http://www.wikidata.org/prop/direct/P26>,http://www.wikidata.org/entity/Q20743394,0.5016408330172473
http://www.wikidata.org/entity/Q946,<http://www.wikidata.org/prop/direct/P26>,http://www.wikidata.org/entity/Q2701890,0.5016387881634785
http://www.wikidata.org/entity/Q9576,<http://www.wikidata.org/prop/direct/P26>,http://www.wikidata.org/entity/Q28530644,0.5015829717579539
http://www.wikidata.org/entity/Q134456,<http://www.wikidata.org/prop/direct/P26>,http://www.wikidata.org/entity/Q3051212,0.5015587314017435
http://www.wikidata.org/entity/Q335316,<http://www.wikidata.org/prop/direct/P26>,http://www.wikidata.org/entity/Q21296956,0.5015571962398205
http://www.wikidata.org/entity/Q35678,<http://www.wikidata.org/prop/direct/P26>,http://www.wikidata.org/entity/Q153120,0.5015417374812141
http://www.wikidata.org/entity/Q12072266,<http://www.wikidata.org/prop/direct/P26>,http://www.wikidata.org/entity/Q260649,0.501513081050252
http://www.wikidata.org/entity/Q336444,<http://www.wikidata.org/prop/direct/P26>,http://www.wikidata.org/entity/Q27943431,0.5014706867369693
http://www.wikidata.org/entity/Q9582,<http://www.wikidata.org/prop/direct/P26>,http://www.wikidata.org/entity/Q154842,0.5014586469277333
http://www.wikidata.org/entity/Q164765,<http://www.wikidata.org/prop/direct/P26>,http://www.wikidata.org/entity/Q461429,0.5014519218241137
http://www.wikidata.org/entity/Q6233363,<http://www.wikidata.org/prop/direct/P26>,http://www.wikidata.org/entity/Q1227400,0.5014468928236899
http://www.wikidata.org/entity/Q336479,<http://www.wikidata.org/prop/direct/P26>,http://www.wikidata.org/entity/Q5052545,0.5014235173459144
http://www.wikidata.org/entity/Q192,<http://www.wikidata.org/prop/direct/P26>,http://www.wikidata.org/entity/Q16022573,0.5014103777122808
http://www.wikidata.org/entity/Q3784940,<http://www.wikidata.org/prop/direct/P26>,http://www.wikidata.org/entity/Q7244552,0.5014075659361253
http://www.wikidata.org/entity/Q7721,<http://www.wikidata.org/prop/direct/P26>,http://www.wikidata.org/entity/Q43458756,0.5013563827309269
http://www.wikidata.org/entity/Q63397,<http://www.wikidata.org/prop/direct/P26>,http://www.wikidata.org/entity/Q2192425,0.5013324195781951
http://www.wikidata.org/entity/Q333289,<http://www.wikidata.org/prop/direct/P26>,http://www.wikidata.org/entity/Q29572894,0.5013140934924017
http://www.wikidata.org/entity/Q7365334,<http://www.wikidata.org/prop/direct/P26>,http://www.wikidata.org/entity/Q6698188,0.5013140730323848
http://www.wikidata.org/entity/Q63397,<http://www.wikidata.org/prop/direct/P26>,http://www.wikidata.org/entity/Q15695053,0.5013071635568941
http://www.wikidata.org/entity/Q567,<http://www.wikidata.org/prop/direct/P26>,http://www.wikidata.org/entity/Q43458756,0.5012813400040071
http://www.wikidata.org/entity/Q2842375,<http://www.wikidata.org/prop/direct/P26>,http://www.wikidata.org/entity/Q465426,0.50126518217536
http://www.wikidata.org/entity/Q314773,<http://www.wikidata.org/prop/direct/P26>,http://www.wikidata.org/entity/Q15695053,0.5012159893552277
http://www.wikidata.org/entity/Q1398423,<http://www.wikidata.org/prop/direct/P26>,http://www.wikidata.org/entity/Q4100648,0.501161521351365
http://www.wikidata.org/entity/Q694009,<http://www.wikidata.org/prop/direct/P26>,http://www.wikidata.org/entity/Q20185706,0.5011516985054734
http://www.wikidata.org/entity/Q310849,<http://www.wikidata.org/prop/direct/P26>,http://www.wikidata.org/entity/Q55739320,0.5011418888508155
http://www.wikidata.org/entity/Q332738,<http://www.wikidata.org/prop/direct/P26>,http://www.wikidata.org/entity/Q4647471,0.5011359843647543
http://www.wikidata.org/entity/Q134982,<http://www.wikidata.org/prop/direct/P26>,http://www.wikidata.org/entity/Q4647471,0.5011307925000321
http://www.wikidata.org/entity/Q333628,<http://www.wikidata.org/prop/direct/P26>,http://www.wikidata.org/entity/Q714884,0.5011224994047487
http://www.wikidata.org/entity/Q55032081,<http://www.wikidata.org/prop/direct/P26>,http://www.wikidata.org/entity/Q154842,0.5010972430813344
http://www.wikidata.org/entity/Q288771,<http://www.wikidata.org/prop/direct/P26>,http://www.wikidata.org/entity/Q16773606,0.5010869664260263
http://www.wikidata.org/entity/Q332813,<http://www.wikidata.org/prop/direct/P26>,http://www.wikidata.org/entity/Q16022573,0.5010303015540805
http://www.wikidata.org/entity/Q5589390,<http://www.wikidata.org/prop/direct/P26>,http://www.wikidata.org/entity/Q12900213,0.5009751311996478
http://www.wikidata.org/entity/Q338427,<http://www.wikidata.org/prop/direct/P26>,http://www.wikidata.org/entity/Q7647623,0.500847226050464
http://www.wikidata.org/entity/Q402274,<http://www.wikidata.org/prop/direct/P26>,http://www.wikidata.org/entity/Q461429,0.5008386028662614
http://www.wikidata.org/entity/Q166646,<http://www.wikidata.org/prop/direct/P26>,http://www.wikidata.org/entity/Q6962879,0.5007808398045601
http://www.wikidata.org/entity/Q12312,<http://www.wikidata.org/prop/direct/P26>,http://www.wikidata.org/entity/Q1227400,0.5007353016382051
http://www.wikidata.org/entity/Q40787,<http://www.wikidata.org/prop/direct/P26>,http://www.wikidata.org/entity/Q57079355,0.5006828934443336
http://www.wikidata.org/entity/Q1398423,<http://www.wikidata.org/prop/direct/P26>,http://www.wikidata.org/entity/Q6376211,0.500650337161892
http://www.wikidata.org/entity/Q104081,<http://www.wikidata.org/prop/direct/P26>,http://www.wikidata.org/entity/Q2701890,0.50060875747061
http://www.wikidata.org/entity/Q246026,<http://www.wikidata.org/prop/direct/P26>,http://www.wikidata.org/entity/Q19873507,0.5005731026279616
http://www.wikidata.org/entity/Q332412,<http://www.wikidata.org/prop/direct/P26>,http://www.wikidata.org/entity/Q441424,0.5005499081802549
http://www.wikidata.org/entity/Q332400,<http://www.wikidata.org/prop/direct/P26>,http://www.wikidata.org/entity/Q43458756,0.5005158925615542
http://www.wikidata.org/entity/Q324546,<http://www.wikidata.org/prop/direct/P26>,http://www.wikidata.org/entity/Q47486968,0.5004990778360436
http://www.wikidata.org/entity/Q180589,<http://www.wikidata.org/prop/direct/P26>,http://www.wikidata.org/entity/Q4100648,0.5004977540688391
http://www.wikidata.org/entity/Q12927,<http://www.wikidata.org/prop/direct/P26>,http://www.wikidata.org/entity/Q234525,0.5004590867579001
http://www.wikidata.org/entity/Q696036,<http://www.wikidata.org/prop/direct/P26>,http://www.wikidata.org/entity/Q4100648,0.5004558231354932
http://www.wikidata.org/entity/Q5586304,<http://www.wikidata.org/prop/direct/P26>,http://www.wikidata.org/entity/Q7244552,0.5004030592458222
http://www.wikidata.org/entity/Q63397,<http://www.wikidata.org/prop/direct/P26>,http://www.wikidata.org/entity/Q153120,0.5003945424090909
http://www.wikidata.org/entity/Q402274,<http://www.wikidata.org/prop/direct/P26>,http://www.wikidata.org/entity/Q21296956,0.5003791665277545
http://www.wikidata.org/entity/Q479171,<http://www.wikidata.org/prop/direct/P26>,http://www.wikidata.org/entity/Q4882877,0.50037740568551
http://www.wikidata.org/entity/Q332956,<http://www.wikidata.org/prop/direct/P26>,http://www.wikidata.org/entity/Q29167061,0.5003289123620878
http://www.wikidata.org/entity/Q10390,<http://www.wikidata.org/prop/direct/P26>,http://www.wikidata.org/entity/Q531983,0.5002981214912665
http://www.wikidata.org/entity/Q79119,<http://www.wikidata.org/prop/direct/P26>,http://www.wikidata.org/entity/Q42041913,0.5002674565801466
http://www.wikidata.org/entity/Q5939947,<http://www.wikidata.org/prop/direct/P26>,http://www.wikidata.org/entity/Q4100648,0.5002526086262211
http://www.wikidata.org/entity/Q334449,<http://www.wikidata.org/prop/direct/P26>,http://www.wikidata.org/entity/Q15695053,0.5002181821963236
http://www.wikidata.org/entity/Q461391,<http://www.wikidata.org/prop/direct/P26>,http://www.wikidata.org/entity/Q7647623,0.5001963827821235
http://www.wikidata.org/entity/Q719428,<http://www.wikidata.org/prop/direct/P26>,http://www.wikidata.org/entity/Q465772,0.5001624228636075
http://www.wikidata.org/entity/Q2407898,<http://www.wikidata.org/prop/direct/P26>,http://www.wikidata.org/entity/Q55739320,0.5001592586765236
http://www.wikidata.org/entity/Q5586304,<http://www.wikidata.org/prop/direct/P26>,http://www.wikidata.org/entity/Q573546,0.5001040949132189
http://www.wikidata.org/entity/Q60749825,<http://www.wikidata.org/prop/direct/P26>,http://www.wikidata.org/entity/Q15695053,0.5000417092557143
http://www.wikidata.org/entity/Q9145651,<http://www.wikidata.org/prop/direct/P26>,http://www.wikidata.org/entity/Q20743394,0.5000187644299781
http://www.wikidata.org/entity/Q333289,<http://www.wikidata.org/prop/direct/P26>,http://www.wikidata.org/entity/Q1227400,0.5000077583424253
http://www.wikidata.org/entity/Q60772,<http://www.wikidata.org/prop/direct/P26>,http://www.wikidata.org/entity/Q7367232,0.4999800231742338
http://www.wikidata.org/entity/Q5343919,<http://www.wikidata.org/prop/direct/P26>,http://www.wikidata.org/entity/Q3051212,0.4999306241354958
http://www.wikidata.org/entity/Q336050,<http://www.wikidata.org/prop/direct/P26>,http://www.wikidata.org/entity/Q6962879,0.4998881713226843
http://www.wikidata.org/entity/Q104081,<http://www.wikidata.org/prop/direct/P26>,http://www.wikidata.org/entity/Q29167061,0.4998390545575572
http://www.wikidata.org/entity/Q11806,<http://www.wikidata.org/prop/direct/P26>,http://www.wikidata.org/entity/Q79966801,0.4997795091088328
http://www.wikidata.org/entity/Q15974209,<http://www.wikidata.org/prop/direct/P26>,http://www.wikidata.org/entity/Q441424,0.499778501584885
http://www.wikidata.org/entity/Q236038,<http://www.wikidata.org/prop/direct/P26>,http://www.wikidata.org/entity/Q17363779,0.4997527809416971
http://www.wikidata.org/entity/Q23505,<http://www.wikidata.org/prop/direct/P26>,http://www.wikidata.org/entity/Q20743394,0.4997192797892796
http://www.wikidata.org/entity/Q15974209,<http://www.wikidata.org/prop/direct/P26>,http://www.wikidata.org/entity/Q18690639,0.49970981116548574
http://www.wikidata.org/entity/Q23505,<http://www.wikidata.org/prop/direct/P26>,http://www.wikidata.org/entity/Q5403246,0.4996829171107212
http://www.wikidata.org/entity/Q2036942,<http://www.wikidata.org/prop/direct/P26>,http://www.wikidata.org/entity/Q7647623,0.49967316616149726
http://www.wikidata.org/entity/Q461391,<http://www.wikidata.org/prop/direct/P26>,http://www.wikidata.org/entity/Q4647471,0.49964566283411016
http://www.wikidata.org/entity/Q9145651,<http://www.wikidata.org/prop/direct/P26>,http://www.wikidata.org/entity/Q50491448,0.4995781842236883
http://www.wikidata.org/entity/Q55245,<http://www.wikidata.org/prop/direct/P26>,http://www.wikidata.org/entity/Q4882877,0.4995266561853724
http://www.wikidata.org/entity/Q333004,<http://www.wikidata.org/prop/direct/P26>,http://www.wikidata.org/entity/Q531983,0.4995265002137204
http://www.wikidata.org/entity/Q12312,<http://www.wikidata.org/prop/direct/P26>,http://www.wikidata.org/entity/Q573546,0.4995255785900784
http://www.wikidata.org/entity/Q860041,<http://www.wikidata.org/prop/direct/P26>,http://www.wikidata.org/entity/Q21296956,0.4994418330994578
http://www.wikidata.org/entity/Q336050,<http://www.wikidata.org/prop/direct/P26>,http://www.wikidata.org/entity/Q465772,0.4993048779228771
http://www.wikidata.org/entity/Q104081,<http://www.wikidata.org/prop/direct/P26>,http://www.wikidata.org/entity/Q2192425,0.49923515458690737
http://www.wikidata.org/entity/Q167654,<http://www.wikidata.org/prop/direct/P26>,http://www.wikidata.org/entity/Q1227400,0.4991840762722875
http://www.wikidata.org/entity/Q479171,<http://www.wikidata.org/prop/direct/P26>,http://www.wikidata.org/entity/Q234525,0.4991649708241755
http://www.wikidata.org/entity/Q134982,<http://www.wikidata.org/prop/direct/P26>,http://www.wikidata.org/entity/Q6376211,0.4990870574165362
http://www.wikidata.org/entity/Q15031,<http://www.wikidata.org/prop/direct/P26>,http://www.wikidata.org/entity/Q531983,0.49906720442414654
http://www.wikidata.org/entity/Q48613,<http://www.wikidata.org/prop/direct/P26>,http://www.wikidata.org/entity/Q234266,0.4990523993337639
http://www.wikidata.org/entity/Q134549,<http://www.wikidata.org/prop/direct/P26>,http://www.wikidata.org/entity/Q20185706,0.4990106066274796
http://www.wikidata.org/entity/Q134549,<http://www.wikidata.org/prop/direct/P26>,http://www.wikidata.org/entity/Q20185706,0.4990106066274796
http://www.wikidata.org/entity/Q2883259,<http://www.wikidata.org/prop/direct/P26>,http://www.wikidata.org/entity/Q16537349,0.4989979428691455
http://www.wikidata.org/entity/Q9545,<http://www.wikidata.org/prop/direct/P26>,http://www.wikidata.org/entity/Q19873507,0.49899154329891393
http://www.wikidata.org/entity/Q652281,<http://www.wikidata.org/prop/direct/P26>,http://www.wikidata.org/entity/Q465772,0.4989651972544037
http://www.wikidata.org/entity/Q9696,<http://www.wikidata.org/prop/direct/P26>,http://www.wikidata.org/entity/Q5052545,0.49889019380475497
http://www.wikidata.org/entity/Q14945396,<http://www.wikidata.org/prop/direct/P26>,http://www.wikidata.org/entity/Q17363779,0.4988795986961595
http://www.wikidata.org/entity/Q110404,<http://www.wikidata.org/prop/direct/P26>,http://www.wikidata.org/entity/Q4647471,0.4988615173719879
http://www.wikidata.org/entity/Q335600,<http://www.wikidata.org/prop/direct/P26>,http://www.wikidata.org/entity/Q2192425,0.49883287493997885
http://www.wikidata.org/entity/Q9292296,<http://www.wikidata.org/prop/direct/P26>,http://www.wikidata.org/entity/Q18762412,0.49881253747124477
http://www.wikidata.org/entity/Q37693,<http://www.wikidata.org/prop/direct/P26>,http://www.wikidata.org/entity/Q6962879,0.49879767361443106
http://www.wikidata.org/entity/Q5624121,<http://www.wikidata.org/prop/direct/P26>,http://www.wikidata.org/entity/Q11551971,0.49879361520648546
http://www.wikidata.org/entity/Q207672,<http://www.wikidata.org/prop/direct/P26>,http://www.wikidata.org/entity/Q29167061,0.49862112203532777
http://www.wikidata.org/entity/Q6989174,<http://www.wikidata.org/prop/direct/P26>,http://www.wikidata.org/entity/Q4647471,0.49858847347894625
http://www.wikidata.org/entity/Q333683,<http://www.wikidata.org/prop/direct/P26>,http://www.wikidata.org/entity/Q3051212,0.49851549505943643
http://www.wikidata.org/entity/Q40904,<http://www.wikidata.org/prop/direct/P26>,http://www.wikidata.org/entity/Q154842,0.49845665524843413
http://www.wikidata.org/entity/Q288771,<http://www.wikidata.org/prop/direct/P26>,http://www.wikidata.org/entity/Q6962879,0.4984066486187521
http://www.wikidata.org/entity/Q92562,<http://www.wikidata.org/prop/direct/P26>,http://www.wikidata.org/entity/Q4100648,0.4983991047939942
http://www.wikidata.org/entity/Q9215,<http://www.wikidata.org/prop/direct/P26>,http://www.wikidata.org/entity/Q19873507,0.49833486957031214
http://www.wikidata.org/entity/Q8016,<http://www.wikidata.org/prop/direct/P26>,http://www.wikidata.org/entity/Q18690639,0.4982909315833507
http://www.wikidata.org/entity/Q7546,<http://www.wikidata.org/prop/direct/P26>,http://www.wikidata.org/entity/Q18762412,0.4981164931143009
http://www.wikidata.org/entity/Q11613,<http://www.wikidata.org/prop/direct/P26>,http://www.wikidata.org/entity/Q153120,0.4980867903441766
http://www.wikidata.org/entity/Q63397,<http://www.wikidata.org/prop/direct/P26>,http://www.wikidata.org/entity/Q43458756,0.4980695990485714
http://www.wikidata.org/entity/Q11608,<http://www.wikidata.org/prop/direct/P26>,http://www.wikidata.org/entity/Q153120,0.49800761951656236
http://www.wikidata.org/entity/Q104081,<http://www.wikidata.org/prop/direct/P26>,http://www.wikidata.org/entity/Q547550,0.49799595508679523
http://www.wikidata.org/entity/Q1677284,<http://www.wikidata.org/prop/direct/P26>,http://www.wikidata.org/entity/Q3051212,0.4979932734395237
http://www.wikidata.org/entity/Q2105,<http://www.wikidata.org/prop/direct/P26>,http://www.wikidata.org/entity/Q4882877,0.4979635618621351
http://www.wikidata.org/entity/Q5653897,<http://www.wikidata.org/prop/direct/P26>,http://www.wikidata.org/entity/Q465426,0.49794793904811335
http://www.wikidata.org/entity/Q57954,<http://www.wikidata.org/prop/direct/P26>,http://www.wikidata.org/entity/Q6698188,0.49788060189057926
http://www.wikidata.org/entity/Q65351,<http://www.wikidata.org/prop/direct/P26>,http://www.wikidata.org/entity/Q47486968,0.49787289604958146
http://www.wikidata.org/entity/Q48547,<http://www.wikidata.org/prop/direct/P26>,http://www.wikidata.org/entity/Q55437767,0.49778124208175145
http://www.wikidata.org/entity/Q333368,<http://www.wikidata.org/prop/direct/P26>,http://www.wikidata.org/entity/Q464994,0.4977602510260701
http://www.wikidata.org/entity/Q264314,<http://www.wikidata.org/prop/direct/P26>,http://www.wikidata.org/entity/Q2192425,0.49770448474060375
http://www.wikidata.org/entity/Q332897,<http://www.wikidata.org/prop/direct/P26>,http://www.wikidata.org/entity/Q7244552,0.4976602569749888
http://www.wikidata.org/entity/Q66923750,<http://www.wikidata.org/prop/direct/P26>,http://www.wikidata.org/entity/Q55739320,0.49763101615275557
http://www.wikidata.org/entity/Q1294650,<http://www.wikidata.org/prop/direct/P26>,http://www.wikidata.org/entity/Q464994,0.49762769064669377
http://www.wikidata.org/entity/Q1124,<http://www.wikidata.org/prop/direct/P26>,http://www.wikidata.org/entity/Q4647471,0.49758567577668555
http://www.wikidata.org/entity/Q39168,<http://www.wikidata.org/prop/direct/P26>,http://www.wikidata.org/entity/Q42041913,0.49747005053558163
http://www.wikidata.org/entity/Q334302,<http://www.wikidata.org/prop/direct/P26>,http://www.wikidata.org/entity/Q16537349,0.4974618829617548
http://www.wikidata.org/entity/Q24251410,<http://www.wikidata.org/prop/direct/P26>,http://www.wikidata.org/entity/Q27943431,0.4974489569450176
http://www.wikidata.org/entity/Q335493,<http://www.wikidata.org/prop/direct/P26>,http://www.wikidata.org/entity/Q4882877,0.4973650969064572
http://www.wikidata.org/entity/Q16053,<http://www.wikidata.org/prop/direct/P26>,http://www.wikidata.org/entity/Q441424,0.49735925461610053
http://www.wikidata.org/entity/Q7546,<http://www.wikidata.org/prop/direct/P26>,http://www.wikidata.org/entity/Q4725932,0.49733151702219963
http://www.wikidata.org/entity/Q7546,<http://www.wikidata.org/prop/direct/P26>,http://www.wikidata.org/entity/Q4725932,0.49733151702219963
http://www.wikidata.org/entity/Q335600,<http://www.wikidata.org/prop/direct/P26>,http://www.wikidata.org/entity/Q20743394,0.4972848977226993
http://www.wikidata.org/entity/Q12306,<http://www.wikidata.org/prop/direct/P26>,http://www.wikidata.org/entity/Q5403246,0.49727575040362987
http://www.wikidata.org/entity/Q121833,<http://www.wikidata.org/prop/direct/P26>,http://www.wikidata.org/entity/Q16537349,0.4971846818471006
http://www.wikidata.org/entity/Q35286,<http://www.wikidata.org/prop/direct/P26>,http://www.wikidata.org/entity/Q154842,0.4971802427403473
http://www.wikidata.org/entity/Q464626,<http://www.wikidata.org/prop/direct/P26>,http://www.wikidata.org/entity/Q43458756,0.4971470859547572
http://www.wikidata.org/entity/Q402274,<http://www.wikidata.org/prop/direct/P26>,http://www.wikidata.org/entity/Q17363779,0.4971150582581946
http://www.wikidata.org/entity/Q5598,<http://www.wikidata.org/prop/direct/P26>,http://www.wikidata.org/entity/Q12900213,0.49706559110360404
http://www.wikidata.org/entity/Q11881,<http://www.wikidata.org/prop/direct/P26>,http://www.wikidata.org/entity/Q43458756,0.49706004791938446
http://www.wikidata.org/entity/Q1039034,<http://www.wikidata.org/prop/direct/P26>,http://www.wikidata.org/entity/Q21296956,0.49705046819791454
http://www.wikidata.org/entity/Q7546,<http://www.wikidata.org/prop/direct/P26>,http://www.wikidata.org/entity/Q2192425,0.4969823336411845
http://www.wikidata.org/entity/Q3132661,<http://www.wikidata.org/prop/direct/P26>,http://www.wikidata.org/entity/Q154842,0.49675749886198384
http://www.wikidata.org/entity/Q2086683,<http://www.wikidata.org/prop/direct/P26>,http://www.wikidata.org/entity/Q1808028,0.49674350300171904
http://www.wikidata.org/entity/Q4028,<http://www.wikidata.org/prop/direct/P26>,http://www.wikidata.org/entity/Q714884,0.49671557846400893
http://www.wikidata.org/entity/Q39168,<http://www.wikidata.org/prop/direct/P26>,http://www.wikidata.org/entity/Q18690639,0.4967111373571531
http://www.wikidata.org/entity/Q3099714,<http://www.wikidata.org/prop/direct/P26>,http://www.wikidata.org/entity/Q16537349,0.4966922505733018
http://www.wikidata.org/entity/Q48547,<http://www.wikidata.org/prop/direct/P26>,http://www.wikidata.org/entity/Q17363779,0.4966711263683916
http://www.wikidata.org/entity/Q205545,<http://www.wikidata.org/prop/direct/P26>,http://www.wikidata.org/entity/Q5052545,0.49660614123530744
http://www.wikidata.org/entity/Q1677284,<http://www.wikidata.org/prop/direct/P26>,http://www.wikidata.org/entity/Q153120,0.4966008056108646
http://www.wikidata.org/entity/Q131691,<http://www.wikidata.org/prop/direct/P26>,http://www.wikidata.org/entity/Q465426,0.4965993077481642
http://www.wikidata.org/entity/Q3720174,<http://www.wikidata.org/prop/direct/P26>,http://www.wikidata.org/entity/Q43458756,0.4965348743350723
http://www.wikidata.org/entity/Q48547,<http://www.wikidata.org/prop/direct/P26>,http://www.wikidata.org/entity/Q12900213,0.496485435275835
http://www.wikidata.org/entity/Q6306955,<http://www.wikidata.org/prop/direct/P26>,http://www.wikidata.org/entity/Q441424,0.49643632582805497
http://www.wikidata.org/entity/Q271878,<http://www.wikidata.org/prop/direct/P26>,http://www.wikidata.org/entity/Q47486968,0.49643461324686355
http://www.wikidata.org/entity/Q317839,<http://www.wikidata.org/prop/direct/P26>,http://www.wikidata.org/entity/Q11551971,0.49642361320220985
http://www.wikidata.org/entity/Q8016998,<http://www.wikidata.org/prop/direct/P26>,http://www.wikidata.org/entity/Q237590,0.49642044267668844
http://www.wikidata.org/entity/Q39168,<http://www.wikidata.org/prop/direct/P26>,http://www.wikidata.org/entity/Q78793,0.4964164374550638
http://www.wikidata.org/entity/Q3889237,<http://www.wikidata.org/prop/direct/P26>,http://www.wikidata.org/entity/Q2701890,0.49634019612879077
http://www.wikidata.org/entity/Q15138790,<http://www.wikidata.org/prop/direct/P26>,http://www.wikidata.org/entity/Q237590,0.496324343432178
http://www.wikidata.org/entity/Q171480,<http://www.wikidata.org/prop/direct/P26>,http://www.wikidata.org/entity/Q6698188,0.4963099770250803
http://www.wikidata.org/entity/Q1417322,<http://www.wikidata.org/prop/direct/P26>,http://www.wikidata.org/entity/Q573546,0.4962377323495765
http://www.wikidata.org/entity/Q236038,<http://www.wikidata.org/prop/direct/P26>,http://www.wikidata.org/entity/Q431115,0.49616844351021067
http://www.wikidata.org/entity/Q108622,<http://www.wikidata.org/prop/direct/P26>,http://www.wikidata.org/entity/Q4100648,0.49616343907176874
http://www.wikidata.org/entity/Q2518,<http://www.wikidata.org/prop/direct/P26>,http://www.wikidata.org/entity/Q465772,0.4961532212507966
http://www.wikidata.org/entity/Q336050,<http://www.wikidata.org/prop/direct/P26>,http://www.wikidata.org/entity/Q547550,0.49611676316309533
http://www.wikidata.org/entity/Q335078,<http://www.wikidata.org/prop/direct/P26>,http://www.wikidata.org/entity/Q531983,0.49607369017154285
http://www.wikidata.org/entity/Q78465,<http://www.wikidata.org/prop/direct/P26>,http://www.wikidata.org/entity/Q19873507,0.49607067686212164
http://www.wikidata.org/entity/Q65351,<http://www.wikidata.org/prop/direct/P26>,http://www.wikidata.org/entity/Q2192425,0.49600433759668533
http://www.wikidata.org/entity/Q338386,<http://www.wikidata.org/prop/direct/P26>,http://www.wikidata.org/entity/Q5403246,0.4959123421695248
http://www.wikidata.org/entity/Q8612,<http://www.wikidata.org/prop/direct/P26>,http://www.wikidata.org/entity/Q43458756,0.4958446846532073
http://www.wikidata.org/entity/Q93514,<http://www.wikidata.org/prop/direct/P26>,http://www.wikidata.org/entity/Q11551971,0.49583339724758685
http://www.wikidata.org/entity/Q93709,<http://www.wikidata.org/prop/direct/P26>,http://www.wikidata.org/entity/Q55437767,0.49576999831915075
http://www.wikidata.org/entity/Q5539805,<http://www.wikidata.org/prop/direct/P26>,http://www.wikidata.org/entity/Q237590,0.4957644234280762
http://www.wikidata.org/entity/Q4014532,<http://www.wikidata.org/prop/direct/P26>,http://www.wikidata.org/entity/Q21296956,0.4957397238456142
http://www.wikidata.org/entity/Q104081,<http://www.wikidata.org/prop/direct/P26>,http://www.wikidata.org/entity/Q234266,0.4956296721596909
http://www.wikidata.org/entity/Q333245,<http://www.wikidata.org/prop/direct/P26>,http://www.wikidata.org/entity/Q431115,0.4956145888541221
http://www.wikidata.org/entity/Q337468,<http://www.wikidata.org/prop/direct/P26>,http://www.wikidata.org/entity/Q465426,0.4956087841059649
http://www.wikidata.org/entity/Q11608,<http://www.wikidata.org/prop/direct/P26>,http://www.wikidata.org/entity/Q16022573,0.49560053305728663
http://www.wikidata.org/entity/Q334207,<http://www.wikidata.org/prop/direct/P26>,http://www.wikidata.org/entity/Q18762412,0.4955605077175578
http://www.wikidata.org/entity/Q78492,<http://www.wikidata.org/prop/direct/P26>,http://www.wikidata.org/entity/Q50491448,0.49555338324473214
http://www.wikidata.org/entity/Q9061,<http://www.wikidata.org/prop/direct/P26>,http://www.wikidata.org/entity/Q50491448,0.4955220777002774
http://www.wikidata.org/entity/Q438131,<http://www.wikidata.org/prop/direct/P26>,http://www.wikidata.org/entity/Q465426,0.4954313958422924
http://www.wikidata.org/entity/Q164723,<http://www.wikidata.org/prop/direct/P26>,http://www.wikidata.org/entity/Q4882877,0.49542146378331564
http://www.wikidata.org/entity/Q69319,<http://www.wikidata.org/prop/direct/P26>,http://www.wikidata.org/entity/Q234525,0.4953660568317417
http://www.wikidata.org/entity/Q48544,<http://www.wikidata.org/prop/direct/P26>,http://www.wikidata.org/entity/Q531983,0.4953513956628263
http://www.wikidata.org/entity/Q442628,<http://www.wikidata.org/prop/direct/P26>,http://www.wikidata.org/entity/Q531983,0.4953229948939994
http://www.wikidata.org/entity/Q5671244,<http://www.wikidata.org/prop/direct/P26>,http://www.wikidata.org/entity/Q461429,0.4952232125543214
http://www.wikidata.org/entity/Q33866,<http://www.wikidata.org/prop/direct/P26>,http://www.wikidata.org/entity/Q464994,0.4951391400437054
http://www.wikidata.org/entity/Q74001,<http://www.wikidata.org/prop/direct/P26>,http://www.wikidata.org/entity/Q12900213,0.4951305323629777
http://www.wikidata.org/entity/Q11613,<http://www.wikidata.org/prop/direct/P26>,http://www.wikidata.org/entity/Q79966801,0.4950477794302363
http://www.wikidata.org/entity/Q332881,<http://www.wikidata.org/prop/direct/P26>,http://www.wikidata.org/entity/Q234525,0.4950383070441661
http://www.wikidata.org/entity/Q114667,<http://www.wikidata.org/prop/direct/P26>,http://www.wikidata.org/entity/Q27943431,0.49501047534655696
http://www.wikidata.org/entity/Q108929,<http://www.wikidata.org/prop/direct/P26>,http://www.wikidata.org/entity/Q18690639,0.49500878541950066
http://www.wikidata.org/entity/Q6143716,<http://www.wikidata.org/prop/direct/P26>,http://www.wikidata.org/entity/Q16537349,0.49500175280491066
http://www.wikidata.org/entity/Q166714,<http://www.wikidata.org/prop/direct/P26>,http://www.wikidata.org/entity/Q6158103,0.49499106714651075
http://www.wikidata.org/entity/Q2908365,<http://www.wikidata.org/prop/direct/P26>,http://www.wikidata.org/entity/Q12324638,0.4948763768469837
http://www.wikidata.org/entity/Q35686,<http://www.wikidata.org/prop/direct/P26>,http://www.wikidata.org/entity/Q29167061,0.49470603037269195
http://www.wikidata.org/entity/Q1390745,<http://www.wikidata.org/prop/direct/P26>,http://www.wikidata.org/entity/Q18762412,0.49470424392667683
http://www.wikidata.org/entity/Q19673,<http://www.wikidata.org/prop/direct/P26>,http://www.wikidata.org/entity/Q57079355,0.49468189925901185
http://www.wikidata.org/entity/Q332927,<http://www.wikidata.org/prop/direct/P26>,http://www.wikidata.org/entity/Q465426,0.4946222856266936
http://www.wikidata.org/entity/Q3357504,<http://www.wikidata.org/prop/direct/P26>,http://www.wikidata.org/entity/Q57079355,0.4946218771998289
http://www.wikidata.org/entity/Q332660,<http://www.wikidata.org/prop/direct/P26>,http://www.wikidata.org/entity/Q16773606,0.4945986601343574
http://www.wikidata.org/entity/Q1281683,<http://www.wikidata.org/prop/direct/P26>,http://www.wikidata.org/entity/Q50491448,0.49444213834095135
http://www.wikidata.org/entity/Q359442,<http://www.wikidata.org/prop/direct/P26>,http://www.wikidata.org/entity/Q79966801,0.49434210896883274
http://www.wikidata.org/entity/Q335133,<http://www.wikidata.org/prop/direct/P26>,http://www.wikidata.org/entity/Q1227400,0.4943118180183312
http://www.wikidata.org/entity/Q993472,<http://www.wikidata.org/prop/direct/P26>,http://www.wikidata.org/entity/Q16537349,0.49430814303148457
http://www.wikidata.org/entity/Q1247047,<http://www.wikidata.org/prop/direct/P26>,http://www.wikidata.org/entity/Q28530644,0.49419902811366545
http://www.wikidata.org/entity/Q12927,<http://www.wikidata.org/prop/direct/P26>,http://www.wikidata.org/entity/Q547550,0.4941777358763658
http://www.wikidata.org/entity/Q93709,<http://www.wikidata.org/prop/direct/P26>,http://www.wikidata.org/entity/Q57079355,0.49412985608388177
http://www.wikidata.org/entity/Q12306,<http://www.wikidata.org/prop/direct/P26>,http://www.wikidata.org/entity/Q461429,0.49402767816580606
http://www.wikidata.org/entity/Q179090,<http://www.wikidata.org/prop/direct/P26>,http://www.wikidata.org/entity/Q234525,0.49401265205667166
http://www.wikidata.org/entity/Q74001,<http://www.wikidata.org/prop/direct/P26>,http://www.wikidata.org/entity/Q547550,0.4940111490002477
http://www.wikidata.org/entity/Q65351,<http://www.wikidata.org/prop/direct/P26>,http://www.wikidata.org/entity/Q465772,0.4939047070615121
http://www.wikidata.org/entity/Q157324,<http://www.wikidata.org/prop/direct/P26>,http://www.wikidata.org/entity/Q28530644,0.49384520120966463
http://www.wikidata.org/entity/Q12927,<http://www.wikidata.org/prop/direct/P26>,http://www.wikidata.org/entity/Q2192425,0.4938294787043082
http://www.wikidata.org/entity/Q1124,<http://www.wikidata.org/prop/direct/P26>,http://www.wikidata.org/entity/Q9287447,0.4937083744691376
http://www.wikidata.org/entity/Q264766,<http://www.wikidata.org/prop/direct/P26>,http://www.wikidata.org/entity/Q6376211,0.49360348273407484
http://www.wikidata.org/entity/Q434077,<http://www.wikidata.org/prop/direct/P26>,http://www.wikidata.org/entity/Q29572894,0.493553302445328
http://www.wikidata.org/entity/Q4881236,<http://www.wikidata.org/prop/direct/P26>,http://www.wikidata.org/entity/Q154842,0.49353071571298623
http://www.wikidata.org/entity/Q920147,<http://www.wikidata.org/prop/direct/P26>,http://www.wikidata.org/entity/Q531983,0.4934229472028387
http://www.wikidata.org/entity/Q16063325,<http://www.wikidata.org/prop/direct/P26>,http://www.wikidata.org/entity/Q16022573,0.49338614421512594
http://www.wikidata.org/entity/Q104081,<http://www.wikidata.org/prop/direct/P26>,http://www.wikidata.org/entity/Q153120,0.49330510565865254
http://www.wikidata.org/entity/Q2883936,<http://www.wikidata.org/prop/direct/P26>,http://www.wikidata.org/entity/Q2701890,0.4932491800788864
http://www.wikidata.org/entity/Q696036,<http://www.wikidata.org/prop/direct/P26>,http://www.wikidata.org/entity/Q47486968,0.4931683598091909
http://www.wikidata.org/entity/Q361026,<http://www.wikidata.org/prop/direct/P26>,http://www.wikidata.org/entity/Q1808028,0.49315330532817186
http://www.wikidata.org/entity/Q102124,<http://www.wikidata.org/prop/direct/P26>,http://www.wikidata.org/entity/Q12900213,0.4929785621072621
http://www.wikidata.org/entity/Q1398423,<http://www.wikidata.org/prop/direct/P26>,http://www.wikidata.org/entity/Q19873507,0.49295239776075656
http://www.wikidata.org/entity/Q312567,<http://www.wikidata.org/prop/direct/P26>,http://www.wikidata.org/entity/Q237590,0.4929523852660336
http://www.wikidata.org/entity/Q356919,<http://www.wikidata.org/prop/direct/P26>,http://www.wikidata.org/entity/Q234525,0.49287309948916075
http://www.wikidata.org/entity/Q336479,<http://www.wikidata.org/prop/direct/P26>,http://www.wikidata.org/entity/Q2701890,0.4927312323361307
http://www.wikidata.org/entity/Q317839,<http://www.wikidata.org/prop/direct/P26>,http://www.wikidata.org/entity/Q441424,0.49261732688073123
http://www.wikidata.org/entity/Q193656,<http://www.wikidata.org/prop/direct/P26>,http://www.wikidata.org/entity/Q573546,0.49249960486536914
http://www.wikidata.org/entity/Q92562,<http://www.wikidata.org/prop/direct/P26>,http://www.wikidata.org/entity/Q260649,0.49236173406913575
http://www.wikidata.org/entity/Q338427,<http://www.wikidata.org/prop/direct/P26>,http://www.wikidata.org/entity/Q16537349,0.4923202237469042
http://www.wikidata.org/entity/Q209050,<http://www.wikidata.org/prop/direct/P26>,http://www.wikidata.org/entity/Q78793,0.4922072972939692
http://www.wikidata.org/entity/Q432473,<http://www.wikidata.org/prop/direct/P26>,http://www.wikidata.org/entity/Q16022573,0.49216290147517205
http://www.wikidata.org/entity/Q332897,<http://www.wikidata.org/prop/direct/P26>,http://www.wikidata.org/entity/Q6158103,0.4920369576008239
http://www.wikidata.org/entity/Q264314,<http://www.wikidata.org/prop/direct/P26>,http://www.wikidata.org/entity/Q16773606,0.49197954186910836
http://www.wikidata.org/entity/Q314773,<http://www.wikidata.org/prop/direct/P26>,http://www.wikidata.org/entity/Q57079355,0.4919215593626421
http://www.wikidata.org/entity/Q78492,<http://www.wikidata.org/prop/direct/P26>,http://www.wikidata.org/entity/Q3051212,0.4918945240965706
http://www.wikidata.org/entity/Q216594,<http://www.wikidata.org/prop/direct/P26>,http://www.wikidata.org/entity/Q20743394,0.4918798739953633
http://www.wikidata.org/entity/Q2904392,<http://www.wikidata.org/prop/direct/P26>,http://www.wikidata.org/entity/Q20743394,0.491838667401869
http://www.wikidata.org/entity/Q264766,<http://www.wikidata.org/prop/direct/P26>,http://www.wikidata.org/entity/Q79966801,0.491736609645761
http://www.wikidata.org/entity/Q559040,<http://www.wikidata.org/prop/direct/P26>,http://www.wikidata.org/entity/Q6698188,0.4916992992990308
http://www.wikidata.org/entity/Q5933848,<http://www.wikidata.org/prop/direct/P26>,http://www.wikidata.org/entity/Q55739320,0.4916892783462051
http://www.wikidata.org/entity/Q7981,<http://www.wikidata.org/prop/direct/P26>,http://www.wikidata.org/entity/Q431115,0.49164763414535284
http://www.wikidata.org/entity/Q314773,<http://www.wikidata.org/prop/direct/P26>,http://www.wikidata.org/entity/Q9287447,0.491599621231527
http://www.wikidata.org/entity/Q7342461,<http://www.wikidata.org/prop/direct/P26>,http://www.wikidata.org/entity/Q7244552,0.491592301949131
http://www.wikidata.org/entity/Q1732676,<http://www.wikidata.org/prop/direct/P26>,http://www.wikidata.org/entity/Q29167061,0.49153291665173376
http://www.wikidata.org/entity/Q294931,<http://www.wikidata.org/prop/direct/P26>,http://www.wikidata.org/entity/Q153120,0.49150675758781276
http://www.wikidata.org/entity/Q109074,<http://www.wikidata.org/prop/direct/P26>,http://www.wikidata.org/entity/Q234266,0.4914704120508505
http://www.wikidata.org/entity/Q312297,<http://www.wikidata.org/prop/direct/P26>,http://www.wikidata.org/entity/Q11551971,0.49134816001747744
http://www.wikidata.org/entity/Q7416,<http://www.wikidata.org/prop/direct/P26>,http://www.wikidata.org/entity/Q50491448,0.49130046913576436
http://www.wikidata.org/entity/Q334102,<http://www.wikidata.org/prop/direct/P26>,http://www.wikidata.org/entity/Q431115,0.49127267112095596
http://www.wikidata.org/entity/Q102513,<http://www.wikidata.org/prop/direct/P26>,http://www.wikidata.org/entity/Q29167061,0.4912379797229
http://www.wikidata.org/entity/Q76712,<http://www.wikidata.org/prop/direct/P26>,http://www.wikidata.org/entity/Q16022573,0.4912055879850296
http://www.wikidata.org/entity/Q9576,<http://www.wikidata.org/prop/direct/P26>,http://www.wikidata.org/entity/Q15695053,0.49103752840797776
http://www.wikidata.org/entity/Q540461,<http://www.wikidata.org/prop/direct/P26>,http://www.wikidata.org/entity/Q573546,0.4906581165254419
http://www.wikidata.org/entity/Q131691,<http://www.wikidata.org/prop/direct/P26>,http://www.wikidata.org/entity/Q12324638,0.49062680141899323
http://www.wikidata.org/entity/Q32788,<http://www.wikidata.org/prop/direct/P26>,http://www.wikidata.org/entity/Q16022573,0.49052649293476697
http://www.wikidata.org/entity/Q434077,<http://www.wikidata.org/prop/direct/P26>,http://www.wikidata.org/entity/Q260649,0.4904784749124371
http://www.wikidata.org/entity/Q64531,<http://www.wikidata.org/prop/direct/P26>,http://www.wikidata.org/entity/Q43458756,0.49043989211771705
http://www.wikidata.org/entity/Q274267,<http://www.wikidata.org/prop/direct/P26>,http://www.wikidata.org/entity/Q431115,0.49041734600579157
http://www.wikidata.org/entity/Q511928,<http://www.wikidata.org/prop/direct/P26>,http://www.wikidata.org/entity/Q21296956,0.4903700539747699
http://www.wikidata.org/entity/Q2544868,<http://www.wikidata.org/prop/direct/P26>,http://www.wikidata.org/entity/Q2192425,0.4901089136122613
http://www.wikidata.org/entity/Q42544,<http://www.wikidata.org/prop/direct/P26>,http://www.wikidata.org/entity/Q28530644,0.4900979492904123
http://www.wikidata.org/entity/Q332377,<http://www.wikidata.org/prop/direct/P26>,http://www.wikidata.org/entity/Q55437767,0.48987524941936333
http://www.wikidata.org/entity/Q16022642,<http://www.wikidata.org/prop/direct/P26>,http://www.wikidata.org/entity/Q78793,0.48982647247804656
http://www.wikidata.org/entity/Q312567,<http://www.wikidata.org/prop/direct/P26>,http://www.wikidata.org/entity/Q18762412,0.4897969376612272
http://www.wikidata.org/entity/Q581935,<http://www.wikidata.org/prop/direct/P26>,http://www.wikidata.org/entity/Q29572894,0.4896992389529429
http://www.wikidata.org/entity/Q48547,<http://www.wikidata.org/prop/direct/P26>,http://www.wikidata.org/entity/Q9287447,0.48969717711410565
http://www.wikidata.org/entity/Q334102,<http://www.wikidata.org/prop/direct/P26>,http://www.wikidata.org/entity/Q4647471,0.48956702549786135
http://www.wikidata.org/entity/Q2036942,<http://www.wikidata.org/prop/direct/P26>,http://www.wikidata.org/entity/Q7244552,0.48947102223970523
http://www.wikidata.org/entity/Q2105,<http://www.wikidata.org/prop/direct/P26>,http://www.wikidata.org/entity/Q547550,0.48935625024316115
http://www.wikidata.org/entity/Q359797,<http://www.wikidata.org/prop/direct/P26>,http://www.wikidata.org/entity/Q465426,0.4890889787185808
http://www.wikidata.org/entity/Q268262,<http://www.wikidata.org/prop/direct/P26>,http://www.wikidata.org/entity/Q47486968,0.4890615469858532
http://www.wikidata.org/entity/Q2086683,<http://www.wikidata.org/prop/direct/P26>,http://www.wikidata.org/entity/Q6962879,0.4889555175994347
http://www.wikidata.org/entity/Q61481949,<http://www.wikidata.org/prop/direct/P26>,http://www.wikidata.org/entity/Q57079355,0.4888972597008173
http://www.wikidata.org/entity/Q102513,<http://www.wikidata.org/prop/direct/P26>,http://www.wikidata.org/entity/Q18690639,0.48886735615800575
http://www.wikidata.org/entity/Q166714,<http://www.wikidata.org/prop/direct/P26>,http://www.wikidata.org/entity/Q6376211,0.4888206920215755
http://www.wikidata.org/entity/Q104081,<http://www.wikidata.org/prop/direct/P26>,http://www.wikidata.org/entity/Q461429,0.48879367458559975
http://www.wikidata.org/entity/Q166714,<http://www.wikidata.org/prop/direct/P26>,http://www.wikidata.org/entity/Q431115,0.488771625463386
http://www.wikidata.org/entity/Q179090,<http://www.wikidata.org/prop/direct/P26>,http://www.wikidata.org/entity/Q154842,0.48847321737746957
http://www.wikidata.org/entity/Q7546,<http://www.wikidata.org/prop/direct/P26>,http://www.wikidata.org/entity/Q55739320,0.48787324210121347
http://www.wikidata.org/entity/Q1298,<http://www.wikidata.org/prop/direct/P26>,http://www.wikidata.org/entity/Q16773606,0.48780423174043436
http://www.wikidata.org/entity/Q9559,<http://www.wikidata.org/prop/direct/P26>,http://www.wikidata.org/entity/Q3051212,0.4874200784866814
http://www.wikidata.org/entity/Q104081,<http://www.wikidata.org/prop/direct/P26>,http://www.wikidata.org/entity/Q4100648,0.48732195601486256
http://www.wikidata.org/entity/Q8349,<http://www.wikidata.org/prop/direct/P26>,http://www.wikidata.org/entity/Q547550,0.4872136361057541
http://www.wikidata.org/entity/Q317839,<http://www.wikidata.org/prop/direct/P26>,http://www.wikidata.org/entity/Q547550,0.4870676867157524
http://www.wikidata.org/entity/Q334006,<http://www.wikidata.org/prop/direct/P26>,http://www.wikidata.org/entity/Q17363779,0.4868328178014442
http://www.wikidata.org/entity/Q159606,<http://www.wikidata.org/prop/direct/P26>,http://www.wikidata.org/entity/Q461429,0.4867546602782032
http://www.wikidata.org/entity/Q6989174,<http://www.wikidata.org/prop/direct/P26>,http://www.wikidata.org/entity/Q464994,0.48631798252887715
http://www.wikidata.org/entity/Q336084,<http://www.wikidata.org/prop/direct/P26>,http://www.wikidata.org/entity/Q7367232,0.4863073087123409
http://www.wikidata.org/entity/Q16022642,<http://www.wikidata.org/prop/direct/P26>,http://www.wikidata.org/entity/Q1227400,0.48613175661803154
http://www.wikidata.org/entity/Q77555,<http://www.wikidata.org/prop/direct/P26>,http://www.wikidata.org/entity/Q12324638,0.48609129421997826
http://www.wikidata.org/entity/Q2124,<http://www.wikidata.org/prop/direct/P26>,http://www.wikidata.org/entity/Q573546,0.48598292504753415
http://www.wikidata.org/entity/Q317839,<http://www.wikidata.org/prop/direct/P26>,http://www.wikidata.org/entity/Q5403246,0.4854931409219134
http://www.wikidata.org/entity/Q12306,<http://www.wikidata.org/prop/direct/P26>,http://www.wikidata.org/entity/Q2192425,0.4841641752507646
http://www.wikidata.org/entity/Q540461,<http://www.wikidata.org/prop/direct/P26>,http://www.wikidata.org/entity/Q20743394,0.48293152757326946
http://www.wikidata.org/entity/Q6143556,<http://www.wikidata.org/prop/direct/P26>,http://www.wikidata.org/entity/Q573546,0.48272501447342364
http://www.wikidata.org/entity/Q317839,<http://www.wikidata.org/prop/direct/P26>,http://www.wikidata.org/entity/Q42041913,0.4824996820644879
http://www.wikidata.org/entity/Q12306,<http://www.wikidata.org/prop/direct/P26>,http://www.wikidata.org/entity/Q47486968,0.48193194175545073
http://www.wikidata.org/entity/Q317839,<http://www.wikidata.org/prop/direct/P26>,http://www.wikidata.org/entity/Q4100648,0.481737622223171
http://www.wikidata.org/entity/Q5978904,<http://www.wikidata.org/prop/direct/P26>,http://www.wikidata.org/entity/Q441424,0.4814352431629181
http://www.wikidata.org/entity/Q2036942,<http://www.wikidata.org/prop/direct/P26>,http://www.wikidata.org/entity/Q234266,0.47994873769217455
http://www.wikidata.org/entity/Q16022642,<http://www.wikidata.org/prop/direct/P26>,http://www.wikidata.org/entity/Q237590,0.4794806827925644
http://www.wikidata.org/entity/Q736924,<http://www.wikidata.org/prop/direct/P26>,http://www.wikidata.org/entity/Q15695053,0.4792847650189551
http://www.wikidata.org/entity/Q51575,<http://www.wikidata.org/prop/direct/P26>,http://www.wikidata.org/entity/Q5052545,0.477353569368852
http://www.wikidata.org/entity/Q334063,<http://www.wikidata.org/prop/direct/P26>,http://www.wikidata.org/entity/Q5052545,0.4732235845522018
http://www.wikidata.org/entity/Q2124,<http://www.wikidata.org/prop/direct/P26>,http://www.wikidata.org/entity/Q7244552,0.47255372506200194
http://www.wikidata.org/entity/Q335133,<http://www.wikidata.org/prop/direct/P26>,http://www.wikidata.org/entity/Q15695053,0.46539778645491686
